"path","animation","frame","rect","finding","width","height","alphaType","alpha0Ratio","alphaPartialRatio","alpha255Ratio","partialVisibleRatio","minAlpha","maxAlpha","meanAlpha","visibleBounds"
"assets/characters/3221.png","3221-0","0","0,0,24,59","","24","59","binary","0.5211864406779662","0.0","0.4788135593220339","0.0","0","255","122.09745762711864","0,0,23,58"
"assets/characters/3221.png","3221-0","1","25,0,19,58","","19","58","binary","0.4573502722323049","0.0","0.542649727767695","0.0","0","255","138.37568058076226","25,0,18,57"
"assets/characters/3221.png","3221-0","2","45,0,17,58","","17","58","binary","0.3762677484787018","0.0","0.6237322515212982","0.0","0","255","159.05172413793105","45,0,17,58"
"assets/characters/3221.png","3221-0","3","63,0,21,59","","21","59","binary","0.4826472962066182","0.0","0.5173527037933817","0.0","0","255","131.92493946731236","63,0,20,58"
"assets/characters/3221.png","3221-0","4","85,0,24,60","","24","60","binary","0.5354166666666667","0.0","0.46458333333333335","0.0","0","255","118.46875","85,0,23,59"
"assets/characters/3221.png","3221-0","5","110,0,21,59","","21","59","binary","0.4826472962066182","0.0","0.5173527037933817","0.0","0","255","131.92493946731236","110,0,20,58"
"assets/characters/3221.png","3221-0","6","132,0,15,59","","15","59","binary","0.32429378531073444","0.0","0.6757062146892655","0.0","0","255","172.3050847457627","132,0,14,58"
"assets/characters/3221.png","3221-0","7","148,0,17,58","","17","58","binary","0.34685598377281945","0.0","0.6531440162271805","0.0","0","255","166.55172413793105","148,0,16,57"
"assets/characters/3221.png","3221-1","0","0,61,20,61","","20","61","binary","0.48360655737704916","0.0","0.5163934426229508","0.0","0","255","131.68032786885246","0,61,19,60"
"assets/characters/3221.png","3221-1","1","21,61,21,60","","21","60","binary","0.5079365079365079","0.0","0.49206349206349204","0.0","0","255","125.47619047619048","21,61,20,59"
"assets/characters/3221.png","3221-1","2","43,61,21,58","","21","58","binary","0.4885057471264368","0.0","0.5114942528735632","0.0","0","255","130.43103448275863","43,61,20,57"
"assets/characters/3221.png","3221-1","3","65,61,21,60","","21","60","binary","0.5111111111111111","0.0","0.4888888888888889","0.0","0","255","124.66666666666667","65,61,20,59"
"assets/characters/3221.png","3221-1","4","87,61,20,61","","20","61","binary","0.49754098360655735","0.0","0.5024590163934426","0.0","0","255","128.12704918032787","87,61,19,60"
"assets/characters/3221.png","3221-1","5","108,61,21,60","","21","60","binary","0.5142857142857142","0.0","0.4857142857142857","0.0","0","255","123.85714285714286","108,61,20,59"
"assets/characters/3221.png","3221-1","6","130,61,20,58","","20","58","binary","0.46206896551724136","0.0","0.5379310344827586","0.0","0","255","137.17241379310346","130,61,19,57"
"assets/characters/3221.png","3221-1","7","151,61,21,60","","21","60","binary","0.5063492063492063","0.0","0.4936507936507937","0.0","0","255","125.88095238095238","151,61,20,59"
"assets/characters/3221.png","3221-2","0","0,123,24,61","","24","61","binary","0.5129781420765027","0.0","0.4870218579234973","0.0","0","255","124.19057377049181","0,123,23,60"
"assets/characters/3221.png","3221-2","1","25,123,21,59","","21","59","binary","0.4689265536723164","0.0","0.5310734463276836","0.0","0","255","135.42372881355934","25,123,20,58"
"assets/characters/3221.png","3221-2","2","47,123,18,58","","18","58","binary","0.4061302681992337","0.0","0.5938697318007663","0.0","0","255","151.4367816091954","47,123,17,57"
"assets/characters/3221.png","3221-2","3","66,123,17,58","","17","58","binary","0.3448275862068966","0.0","0.6551724137931034","0.0","0","255","167.06896551724137","66,123,16,57"
"assets/characters/3221.png","3221-2","4","84,123,24,59","","24","59","binary","0.5310734463276836","0.0","0.4689265536723164","0.0","0","255","119.57627118644068","84,123,23,58"
"assets/characters/3221.png","3221-2","5","109,123,19,58","","19","58","binary","0.4519056261343013","0.0","0.5480943738656987","0.0","0","255","139.76406533575317","109,123,18,57"
"assets/characters/3221.png","3221-2","6","129,123,18,58","","18","58","binary","0.43199233716475094","0.0","0.5680076628352491","0.0","0","255","144.84195402298852","129,123,17,57"
"assets/characters/3221.png","3221-2","7","148,123,21,59","","21","59","binary","0.47619047619047616","0.0","0.5238095238095238","0.0","0","255","133.57142857142858","148,123,20,58"
"assets/characters/3221.png","3221-3","0","0,185,28,57","","28","57","binary","0.5344611528822055","0.0","0.4655388471177945","0.0","0","255","118.7124060150376","0,185,27,56"
"assets/characters/3221.png","3221-3","1","29,185,21,56","","21","56","binary","0.5170068027210885","0.0","0.48299319727891155","0.0","0","255","123.16326530612245","29,185,20,55"
"assets/characters/3221.png","3221-3","2","51,185,21,56","","21","56","binary","0.5204081632653061","0.0","0.47959183673469385","0.0","0","255","122.29591836734694","51,185,20,55"
"assets/characters/3221.png","3221-3","3","73,185,20,56","","20","56","binary","0.4330357142857143","0.0","0.5669642857142857","0.0","0","255","144.57589285714286","73,185,19,55"
"assets/characters/3221.png","3221-3","4","94,185,29,57","","29","57","binary","0.5692679975801573","0.0","0.4307320024198427","0.0","0","255","109.83666061705989","94,185,28,56"
"assets/characters/3221.png","3221-3","5","124,185,21,57","","21","57","binary","0.49874686716791977","0.0","0.5012531328320802","0.0","0","255","127.81954887218045","124,185,20,56"
"assets/characters/3221.png","3221-3","6","146,185,18,57","","18","57","binary","0.4415204678362573","0.0","0.5584795321637427","0.0","0","255","142.41228070175438","146,185,17,56"
"assets/characters/3221.png","3221-3","7","165,185,21,57","","21","57","binary","0.47117794486215536","0.0","0.5288220551378446","0.0","0","255","134.84962406015038","165,185,20,56"
"assets/characters/3221.png","3221-4","0","0,243,24,59","","24","59","binary","0.518361581920904","0.0","0.481638418079096","0.0","0","255","122.8177966101695","0,243,23,58"
"assets/characters/3221.png","3221-4","1","25,243,19,57","","19","57","binary","0.45244690674053556","0.0","0.5475530932594644","0.0","0","255","139.62603878116343","25,243,18,56"
"assets/characters/3221.png","3221-4","2","45,243,18,56","","18","56","binary","0.3819444444444444","0.0","0.6180555555555556","0.0","0","255","157.60416666666666","45,243,17,55"
"assets/characters/3221.png","3221-4","3","64,243,21,58","","21","58","binary","0.45566502463054187","0.0","0.5443349753694581","0.0","0","255","138.80541871921181","64,243,20,57"
"assets/characters/3221.png","3221-4","4","86,243,24,61","","24","61","binary","0.5150273224043715","0.0","0.4849726775956284","0.0","0","255","123.66803278688525","86,243,23,60"
"assets/characters/3221.png","3221-4","5","111,243,21,58","","21","58","binary","0.4614121510673235","0.0","0.5385878489326765","0.0","0","255","137.3399014778325","111,243,20,57"
"assets/characters/3221.png","3221-4","6","133,243,15,57","","15","57","binary","0.26783625730994154","0.0","0.7321637426900585","0.0","0","255","186.7017543859649","133,243,14,56"
"assets/characters/3221.png","3221-4","7","149,243,18,57","","18","57","binary","0.3713450292397661","0.0","0.6286549707602339","0.0","0","255","160.30701754385964","149,243,17,56"
"assets/characters/3221.png","3221-5","0","0,305,20,61","","20","61","binary","0.5008196721311475","0.0","0.49918032786885247","0.0","0","255","127.29098360655738","0,305,19,60"
"assets/characters/3221.png","3221-5","1","21,305,21,58","","21","58","binary","0.5057471264367817","0.0","0.4942528735632184","0.0","0","255","126.03448275862068","21,305,20,57"
"assets/characters/3221.png","3221-5","2","43,305,21,57","","21","57","binary","0.49456975772765244","0.0","0.5054302422723476","0.0","0","255","128.88471177944862","43,305,20,56"
"assets/characters/3221.png","3221-5","3","65,305,21,58","","21","58","binary","0.49917898193760263","0.0","0.5008210180623974","0.0","0","255","127.70935960591133","65,305,20,57"
"assets/characters/3221.png","3221-5","4","87,305,20,61","","20","61","binary","0.4778688524590164","0.0","0.5221311475409836","0.0","0","255","133.14344262295083","87,305,19,60"
"assets/characters/3221.png","3221-5","5","108,305,21,58","","21","58","binary","0.4975369458128079","0.0","0.5024630541871922","0.0","0","255","128.12807881773398","108,305,20,57"
"assets/characters/3221.png","3221-5","6","130,305,20,57","","20","57","binary","0.45614035087719296","0.0","0.543859649122807","0.0","0","255","138.68421052631578","130,305,19,56"
"assets/characters/3221.png","3221-5","7","151,305,21,58","","21","58","binary","0.4967159277504105","0.0","0.5032840722495895","0.0","0","255","128.33743842364532","151,305,20,57"
"assets/characters/3221.png","3221-6","0","0,367,24,60","","24","60","binary","0.5319444444444444","0.0","0.46805555555555556","0.0","0","255","119.35416666666667","0,367,23,59"
"assets/characters/3221.png","3221-6","1","25,367,20,57","","20","57","binary","0.4359649122807018","0.0","0.5640350877192982","0.0","0","255","143.82894736842104","25,367,20,57"
"assets/characters/3221.png","3221-6","2","46,367,18,57","","18","57","binary","0.391812865497076","0.0","0.6081871345029239","0.0","0","255","155.08771929824562","46,367,17,56"
"assets/characters/3221.png","3221-6","3","65,367,17,57","","17","57","binary","0.3446852425180599","0.0","0.6553147574819401","0.0","0","255","167.10526315789474","65,367,16,56"
"assets/characters/3221.png","3221-6","4","83,367,24,59","","24","59","binary","0.5346045197740112","0.0","0.4653954802259887","0.0","0","255","118.67584745762711","83,367,23,58"
"assets/characters/3221.png","3221-6","5","108,367,19,57","","19","57","binary","0.4487534626038781","0.0","0.5512465373961218","0.0","0","255","140.56786703601108","108,367,18,56"
"assets/characters/3221.png","3221-6","6","128,367,17,55","","17","55","binary","0.3764705882352941","0.0","0.6235294117647059","0.0","0","255","159.0","128,367,17,55"
"assets/characters/3221.png","3221-6","7","146,367,20,57","","20","57","binary","0.44035087719298244","0.0","0.5596491228070175","0.0","0","255","142.71052631578948","146,367,20,57"
"assets/characters/3221.png","3221-7","0","0,428,28,57","","28","57","binary","0.5551378446115288","0.0","0.4448621553884712","0.0","0","255","113.43984962406014","0,428,27,56"
"assets/characters/3221.png","3221-7","1","29,428,21,57","","21","57","binary","0.5271512113617377","0.0","0.4728487886382623","0.0","0","255","120.57644110275689","29,428,20,56"
"assets/characters/3221.png","3221-7","2","51,428,21,58","","21","58","binary","0.5320197044334976","0.0","0.46798029556650245","0.0","0","255","119.33497536945812","51,428,20,57"
"assets/characters/3221.png","3221-7","3","73,428,20,57","","20","57","binary","0.45614035087719296","0.0","0.543859649122807","0.0","0","255","138.68421052631578","73,428,19,56"
"assets/characters/3221.png","3221-7","4","94,428,29,57","","29","57","binary","0.588626739261948","0.0","0.411373260738052","0.0","0","255","104.90018148820327","94,428,28,56"
"assets/characters/3221.png","3221-7","5","124,428,21,57","","21","57","binary","0.5246449456975772","0.0","0.4753550543024227","0.0","0","255","121.2155388471178","124,428,20,56"
"assets/characters/3221.png","3221-7","6","146,428,18,57","","18","57","binary","0.4522417153996101","0.0","0.5477582846003899","0.0","0","255","139.6783625730994","146,428,17,56"
"assets/characters/3221.png","3221-7","7","165,428,21,56","","21","56","binary","0.46598639455782315","0.0","0.5340136054421769","0.0","0","255","136.1734693877551","165,428,20,55"
"assets/characters/3221.png","3221-8","0","0,487,18,60","","18","60","binary","0.42777777777777776","0.0","0.5722222222222222","0.0","0","255","145.91666666666666","0,487,17,59"
"assets/characters/3221.png","3221-8","1","19,487,18,60","","18","60","binary","0.4351851851851852","0.0","0.5648148148148148","0.0","0","255","144.02777777777777","19,487,17,59"
"assets/characters/3221.png","3221-8","2","38,487,18,60","","18","60","binary","0.43703703703703706","0.0","0.562962962962963","0.0","0","255","143.55555555555554","38,487,17,59"
"assets/characters/3221.png","3221-8","3","57,487,18,59","","18","59","binary","0.4274952919020716","0.0","0.5725047080979284","0.0","0","255","145.98870056497177","57,487,17,58"
"assets/characters/3221.png","3221-8","4","76,487,19,59","","19","59","binary","0.45495093666369313","0.0","0.5450490633363069","0.0","0","255","138.98751115075825","76,487,18,58"
"assets/characters/3221.png","3221-8","5","96,487,18,59","","18","59","binary","0.4274952919020716","0.0","0.5725047080979284","0.0","0","255","145.98870056497177","96,487,17,58"
"assets/characters/3221.png","3221-8","6","115,487,18,60","","18","60","binary","0.43703703703703706","0.0","0.562962962962963","0.0","0","255","143.55555555555554","115,487,17,59"
"assets/characters/3221.png","3221-8","7","134,487,18,60","","18","60","binary","0.4351851851851852","0.0","0.5648148148148148","0.0","0","255","144.02777777777777","134,487,17,59"
"assets/characters/3221.png","3221-9","0","0,548,17,58","","17","58","binary","0.345841784989858","0.0","0.654158215010142","0.0","0","255","166.81034482758622","0,548,16,57"
"assets/characters/3221.png","3221-9","1","18,548,17,58","","17","58","binary","0.3407707910750507","0.0","0.6592292089249493","0.0","0","255","168.10344827586206","18,548,16,57"
"assets/characters/3221.png","3221-9","2","36,548,17,58","","17","58","binary","0.3448275862068966","0.0","0.6551724137931034","0.0","0","255","167.06896551724137","36,548,16,57"
"assets/characters/3221.png","3221-9","3","54,548,17,58","","17","58","binary","0.34685598377281945","0.0","0.6531440162271805","0.0","0","255","166.55172413793105","54,548,16,57"
"assets/characters/3221.png","3221-9","4","72,548,16,58","","16","58","binary","0.3081896551724138","0.0","0.6918103448275862","0.0","0","255","176.41163793103448","72,548,15,57"
"assets/characters/3221.png","3221-9","5","89,548,17,58","","17","58","binary","0.34685598377281945","0.0","0.6531440162271805","0.0","0","255","166.55172413793105","89,548,16,57"
"assets/characters/3221.png","3221-9","6","107,548,17,58","","17","58","binary","0.3448275862068966","0.0","0.6551724137931034","0.0","0","255","167.06896551724137","107,548,16,57"
"assets/characters/3221.png","3221-9","7","125,548,17,58","","17","58","binary","0.3407707910750507","0.0","0.6592292089249493","0.0","0","255","168.10344827586206","125,548,16,57"
"assets/characters/3221.png","3221-10","0","0,607,15,59","","15","59","binary","0.36271186440677966","0.0","0.6372881355932203","0.0","0","255","162.5084745762712","0,607,14,58"
"assets/characters/3221.png","3221-10","1","16,607,15,59","","15","59","binary","0.36045197740112994","0.0","0.63954802259887","0.0","0","255","163.08474576271186","16,607,14,58"
"assets/characters/3221.png","3221-10","2","32,607,15,59","","15","59","binary","0.3593220338983051","0.0","0.6406779661016949","0.0","0","255","163.3728813559322","32,607,14,58"
"assets/characters/3221.png","3221-10","3","48,607,15,59","","15","59","binary","0.3649717514124294","0.0","0.6350282485875707","0.0","0","255","161.9322033898305","48,607,14,58"
"assets/characters/3221.png","3221-10","4","64,607,15,59","","15","59","binary","0.3593220338983051","0.0","0.6406779661016949","0.0","0","255","163.3728813559322","64,607,14,58"
"assets/characters/3221.png","3221-10","5","80,607,15,59","","15","59","binary","0.3649717514124294","0.0","0.6350282485875707","0.0","0","255","161.9322033898305","80,607,14,58"
"assets/characters/3221.png","3221-10","6","96,607,15,59","","15","59","binary","0.3593220338983051","0.0","0.6406779661016949","0.0","0","255","163.3728813559322","96,607,14,58"
"assets/characters/3221.png","3221-10","7","112,607,15,59","","15","59","binary","0.36045197740112994","0.0","0.63954802259887","0.0","0","255","163.08474576271186","112,607,14,58"
"assets/characters/3221.png","3221-11","0","0,667,16,59","","16","59","binary","0.4385593220338983","0.0","0.5614406779661016","0.0","0","255","143.16737288135593","0,667,15,58"
"assets/characters/3221.png","3221-11","1","17,667,16,59","","16","59","binary","0.4417372881355932","0.0","0.5582627118644068","0.0","0","255","142.35699152542372","17,667,15,58"
"assets/characters/3221.png","3221-11","2","34,667,15,59","","15","59","binary","0.4101694915254237","0.0","0.5898305084745763","0.0","0","255","150.40677966101694","34,667,14,58"
"assets/characters/3221.png","3221-11","3","50,667,14,59","","14","59","binary","0.3692493946731235","0.0","0.6307506053268765","0.0","0","255","160.84140435835351","50,667,13,58"
"assets/characters/3221.png","3221-11","4","65,667,15,59","","15","59","binary","0.4124293785310734","0.0","0.5875706214689266","0.0","0","255","149.83050847457628","65,667,14,58"
"assets/characters/3221.png","3221-11","5","81,667,14,59","","14","59","binary","0.3692493946731235","0.0","0.6307506053268765","0.0","0","255","160.84140435835351","81,667,13,58"
"assets/characters/3221.png","3221-11","6","96,667,15,59","","15","59","binary","0.4101694915254237","0.0","0.5898305084745763","0.0","0","255","150.40677966101694","96,667,14,58"
"assets/characters/3221.png","3221-11","7","112,667,16,59","","16","59","binary","0.4417372881355932","0.0","0.5582627118644068","0.0","0","255","142.35699152542372","112,667,15,58"
"assets/characters/3221.png","3221-12","0","0,727,18,58","","18","58","binary","0.4099616858237548","0.0","0.5900383141762452","0.0","0","255","150.45977011494253","0,727,17,57"
"assets/characters/3221.png","3221-12","1","19,727,18,58","","18","58","binary","0.41954022988505746","0.0","0.5804597701149425","0.0","0","255","148.01724137931035","19,727,17,57"
"assets/characters/3221.png","3221-12","2","38,727,18,58","","18","58","binary","0.41762452107279696","0.0","0.5823754789272031","0.0","0","255","148.50574712643677","38,727,17,57"
"assets/characters/3221.png","3221-12","3","57,727,18,58","","18","58","binary","0.41379310344827586","0.0","0.5862068965517241","0.0","0","255","149.48275862068965","57,727,17,57"
"assets/characters/3221.png","3221-12","4","76,727,19,58","","19","58","binary","0.44464609800362975","0.0","0.5553539019963702","0.0","0","255","141.6152450090744","76,727,18,57"
"assets/characters/3221.png","3221-12","5","96,727,18,58","","18","58","binary","0.41379310344827586","0.0","0.5862068965517241","0.0","0","255","149.48275862068965","96,727,17,57"
"assets/characters/3221.png","3221-12","6","115,727,18,58","","18","58","binary","0.41762452107279696","0.0","0.5823754789272031","0.0","0","255","148.50574712643677","115,727,17,57"
"assets/characters/3221.png","3221-12","7","134,727,18,58","","18","58","binary","0.41954022988505746","0.0","0.5804597701149425","0.0","0","255","148.01724137931035","134,727,17,57"
"assets/characters/3221.png","3221-13","0","0,786,17,58","","17","58","binary","0.3539553752535497","0.0","0.6460446247464503","0.0","0","255","164.74137931034483","0,786,16,57"
"assets/characters/3221.png","3221-13","1","18,786,17,58","","17","58","binary","0.3539553752535497","0.0","0.6460446247464503","0.0","0","255","164.74137931034483","18,786,16,57"
"assets/characters/3221.png","3221-13","2","36,786,17,58","","17","58","binary","0.3580121703853955","0.0","0.6419878296146044","0.0","0","255","163.70689655172413","36,786,16,57"
"assets/characters/3221.png","3221-13","3","54,786,16,58","","16","58","binary","0.32112068965517243","0.0","0.6788793103448276","0.0","0","255","173.11422413793105","54,786,15,57"
"assets/characters/3221.png","3221-13","4","71,786,16,58","","16","58","binary","0.31896551724137934","0.0","0.6810344827586207","0.0","0","255","173.66379310344828","71,786,15,57"
"assets/characters/3221.png","3221-13","5","88,786,16,58","","16","58","binary","0.32112068965517243","0.0","0.6788793103448276","0.0","0","255","173.11422413793105","88,786,15,57"
"assets/characters/3221.png","3221-13","6","105,786,17,58","","17","58","binary","0.3580121703853955","0.0","0.6419878296146044","0.0","0","255","163.70689655172413","105,786,16,57"
"assets/characters/3221.png","3221-13","7","123,786,17,58","","17","58","binary","0.3539553752535497","0.0","0.6460446247464503","0.0","0","255","164.74137931034483","123,786,16,57"
"assets/characters/3221.png","3221-14","0","0,845,15,60","","15","60","binary","0.3877777777777778","0.0","0.6122222222222222","0.0","0","255","156.11666666666667","0,845,14,59"
"assets/characters/3221.png","3221-14","1","16,845,15,60","","15","60","binary","0.38555555555555554","0.0","0.6144444444444445","0.0","0","255","156.68333333333334","16,845,14,59"
"assets/characters/3221.png","3221-14","2","32,845,15,60","","15","60","binary","0.3877777777777778","0.0","0.6122222222222222","0.0","0","255","156.11666666666667","32,845,14,59"
"assets/characters/3221.png","3221-14","3","48,845,15,60","","15","60","binary","0.3888888888888889","0.0","0.6111111111111112","0.0","0","255","155.83333333333334","48,845,14,59"
"assets/characters/3221.png","3221-14","4","64,845,15,60","","15","60","binary","0.3888888888888889","0.0","0.6111111111111112","0.0","0","255","155.83333333333334","64,845,14,59"
"assets/characters/3221.png","3221-14","5","80,845,15,60","","15","60","binary","0.3888888888888889","0.0","0.6111111111111112","0.0","0","255","155.83333333333334","80,845,14,59"
"assets/characters/3221.png","3221-14","6","96,845,15,60","","15","60","binary","0.3877777777777778","0.0","0.6122222222222222","0.0","0","255","156.11666666666667","96,845,14,59"
"assets/characters/3221.png","3221-14","7","112,845,15,60","","15","60","binary","0.38555555555555554","0.0","0.6144444444444445","0.0","0","255","156.68333333333334","112,845,14,59"
"assets/characters/3221.png","3221-15","0","0,906,16,61","","16","61","binary","0.46209016393442626","0.0","0.5379098360655737","0.0","0","255","137.1670081967213","0,906,15,60"
"assets/characters/3221.png","3221-15","1","17,906,16,61","","16","61","binary","0.4641393442622951","0.0","0.5358606557377049","0.0","0","255","136.64446721311475","17,906,15,60"
"assets/characters/3221.png","3221-15","2","34,906,16,61","","16","61","binary","0.4661885245901639","0.0","0.5338114754098361","0.0","0","255","136.1219262295082","34,906,15,60"
"assets/characters/3221.png","3221-15","3","51,906,14,60","","14","60","binary","0.3821428571428571","0.0","0.6178571428571429","0.0","0","255","157.55357142857142","51,906,13,59"
"assets/characters/3221.png","3221-15","4","66,906,15,60","","15","60","binary","0.42333333333333334","0.0","0.5766666666666667","0.0","0","255","147.05","66,906,14,59"
"assets/characters/3221.png","3221-15","5","82,906,14,60","","14","60","binary","0.3821428571428571","0.0","0.6178571428571429","0.0","0","255","157.55357142857142","82,906,13,59"
"assets/characters/3221.png","3221-15","6","97,906,16,61","","16","61","binary","0.4661885245901639","0.0","0.5338114754098361","0.0","0","255","136.1219262295082","97,906,15,60"
"assets/characters/3221.png","3221-15","7","114,906,16,61","","16","61","binary","0.4641393442622951","0.0","0.5358606557377049","0.0","0","255","136.64446721311475","114,906,15,60"
"assets/characters/3221.png","3221-16","0","0,968,40,57","","40","57","binary","0.5596491228070175","0.0","0.44035087719298244","0.0","0","255","112.28947368421052","0,968,39,56"
"assets/characters/3221.png","3221-16","1","41,968,39,56","","39","56","binary","0.5407509157509157","0.0","0.4592490842490842","0.0","0","255","117.10851648351648","41,968,38,55"
"assets/characters/3221.png","3221-16","2","81,968,40,59","","40","59","binary","0.6127118644067797","0.0","0.38728813559322034","0.0","0","255","98.75847457627118","81,968,39,58"
"assets/characters/3221.png","3221-16","3","122,968,41,56","","41","56","binary","0.5827526132404182","0.0","0.4172473867595819","0.0","0","255","106.39808362369338","122,968,40,55"
"assets/characters/3221.png","3221-16","4","164,968,53,59","","53","59","binary","0.7316917173009274","0.0","0.2683082826990726","0.0","0","255","68.41861208826352","164,968,52,58"
"assets/characters/3221.png","3221-16","5","218,968,44,58","","44","58","binary","0.6238244514106583","0.0","0.3761755485893417","0.0","0","255","95.92476489028213","218,968,43,57"
"assets/characters/3221.png","3221-17","0","0,1028,28,62","","28","62","binary","0.5483870967741935","0.0","0.45161290322580644","0.0","0","255","115.16129032258064","0,1028,27,61"
"assets/characters/3221.png","3221-17","1","29,1028,27,62","","27","62","binary","0.53584229390681","0.0","0.46415770609318996","0.0","0","255","118.36021505376344","29,1028,26,61"
"assets/characters/3221.png","3221-17","2","57,1028,19,62","","19","62","binary","0.42105263157894735","0.0","0.5789473684210527","0.0","0","255","147.6315789473684","57,1028,18,61"
"assets/characters/3221.png","3221-17","3","77,1028,27,63","","27","63","binary","0.5320399764844209","0.0","0.4679600235155791","0.0","0","255","119.32980599647266","77,1028,26,62"
"assets/characters/3221.png","3221-17","4","105,1028,31,72","","31","72","binary","0.6527777777777778","0.0","0.3472222222222222","0.0","0","255","88.54166666666667","105,1028,30,71"
"assets/characters/3221.png","3221-17","5","137,1028,28,63","","28","63","binary","0.5555555555555556","0.0","0.4444444444444444","0.0","0","255","113.33333333333333","137,1028,27,62"
"assets/characters/3221.png","3221-18","0","0,1101,30,63","","30","63","binary","0.6523809523809524","0.0","0.3476190476190476","0.0","0","255","88.64285714285714","0,1101,29,62"
"assets/characters/3221.png","3221-18","1","31,1101,28,63","","28","63","binary","0.6054421768707483","0.0","0.3945578231292517","0.0","0","255","100.61224489795919","31,1101,27,62"
"assets/characters/3221.png","3221-18","2","60,1101,31,61","","31","61","binary","0.6292966684294025","0.0","0.3707033315705976","0.0","0","255","94.52934955050237","60,1101,30,60"
"assets/characters/3221.png","3221-18","3","92,1101,29,63","","29","63","binary","0.6042692939244664","0.0","0.3957307060755337","0.0","0","255","100.91133004926108","92,1101,28,62"
"assets/characters/3221.png","3221-18","4","122,1101,40,66","","40","66","binary","0.7041666666666667","0.0","0.29583333333333334","0.0","0","255","75.4375","122,1101,40,66"
"assets/characters/3221.png","3221-18","5","163,1101,33,60","","33","60","binary","0.6","0.0","0.4","0.0","0","255","102.0","163,1101,33,60"
"assets/characters/3221.png","3221-19","0","0,1168,38,58","","38","58","binary","0.5812159709618875","0.0","0.4187840290381125","0.0","0","255","106.7899274047187","0,1168,37,57"
"assets/characters/3221.png","3221-19","1","39,1168,44,58","","44","58","binary","0.5971786833855799","0.0","0.40282131661442006","0.0","0","255","102.71943573667711","39,1168,43,57"
"assets/characters/3221.png","3221-19","2","84,1168,43,58","","43","58","binary","0.6263031275060145","0.0","0.3736968724939856","0.0","0","255","95.29270248596632","84,1168,42,57"
"assets/characters/3221.png","3221-19","3","128,1168,45,57","","45","57","binary","0.6194931773879142","0.0","0.3805068226120858","0.0","0","255","97.02923976608187","128,1168,45,57"
"assets/characters/3221.png","3221-19","4","174,1168,62,53","","62","53","binary","0.7148508825319537","0.0","0.2851491174680463","0.0","0","255","72.7130249543518","174,1168,61,52"
"assets/characters/3221.png","3221-19","5","237,1168,51,56","","51","56","binary","0.6572128851540616","0.0","0.3427871148459384","0.0","0","255","87.41071428571429","237,1168,50,55"
"assets/characters/3221.png","3221-20","0","0,1227,40,58","","40","58","binary","0.5676724137931034","0.0","0.43232758620689654","0.0","0","255","110.24353448275862","0,1227,39,57"
"assets/characters/3221.png","3221-20","1","41,1227,39,59","","39","59","binary","0.5710560625814863","0.0","0.42894393741851367","0.0","0","255","109.38070404172099","41,1227,38,58"
"assets/characters/3221.png","3221-20","2","81,1227,40,58","","40","58","binary","0.6254310344827586","0.0","0.3745689655172414","0.0","0","255","95.51508620689656","81,1227,39,57"
"assets/characters/3221.png","3221-20","3","122,1227,41,56","","41","56","binary","0.5997386759581882","0.0","0.40026132404181186","0.0","0","255","102.06663763066202","122,1227,40,55"
"assets/characters/3221.png","3221-20","4","164,1227,53,51","","53","51","binary","0.682944876063633","0.0","0.317055123936367","0.0","0","255","80.84905660377359","164,1227,52,50"
"assets/characters/3221.png","3221-20","5","218,1227,44,55","","44","55","binary","0.621900826446281","0.0","0.378099173553719","0.0","0","255","96.41528925619835","218,1227,43,54"
"assets/characters/3221.png","3221-21","0","0,1287,28,62","","28","62","binary","0.559331797235023","0.0","0.440668202764977","0.0","0","255","112.37039170506912","0,1287,27,61"
"assets/characters/3221.png","3221-21","1","29,1287,27,63","","27","63","binary","0.5890652557319224","0.0","0.4109347442680776","0.0","0","255","104.78835978835978","29,1287,26,62"
"assets/characters/3221.png","3221-21","2","57,1287,19,63","","19","63","binary","0.5071010860484545","0.0","0.4928989139515455","0.0","0","255","125.68922305764411","57,1287,18,62"
"assets/characters/3221.png","3221-21","3","77,1287,27,59","","27","59","binary","0.5951035781544256","0.0","0.4048964218455744","0.0","0","255","103.24858757062147","77,1287,26,58"
"assets/characters/3221.png","3221-21","4","105,1287,31,53","","31","53","binary","0.6421180766889836","0.0","0.3578819233110164","0.0","0","255","91.25989044430919","105,1287,30,52"
"assets/characters/3221.png","3221-21","5","137,1287,28,57","","28","57","binary","0.5651629072681704","0.0","0.4348370927318296","0.0","0","255","110.88345864661655","137,1287,27,56"
"assets/characters/3221.png","3221-22","0","0,1351,30,61","","30","61","binary","0.6650273224043716","0.0","0.33497267759562843","0.0","0","255","85.41803278688525","0,1351,29,60"
"assets/characters/3221.png","3221-22","1","31,1351,28,62","","28","62","binary","0.6267281105990783","0.0","0.37327188940092165","0.0","0","255","95.18433179723502","31,1351,27,61"
"assets/characters/3221.png","3221-22","2","60,1351,31,62","","31","62","binary","0.6363163371488033","0.0","0.3636836628511967","0.0","0","255","92.73933402705515","60,1351,30,61"
"assets/characters/3221.png","3221-22","3","92,1351,28,60","","28","60","binary","0.6125","0.0","0.3875","0.0","0","255","98.8125","92,1351,27,59"
"assets/characters/3221.png","3221-22","4","121,1351,41,52","","41","52","binary","0.699343339587242","0.0","0.30065666041275796","0.0","0","255","76.66744840525328","121,1351,40,51"
"assets/characters/3221.png","3221-22","5","163,1351,34,57","","34","57","binary","0.6578947368421053","0.0","0.34210526315789475","0.0","0","255","87.23684210526316","163,1351,33,56"
"assets/characters/3221.png","3221-23","0","0,1414,38,58","","38","58","binary","0.5848457350272233","0.0","0.41515426497277674","0.0","0","255","105.86433756805808","0,1414,37,57"
"assets/characters/3221.png","3221-23","1","39,1414,44,57","","44","57","binary","0.6068580542264753","0.0","0.39314194577352474","0.0","0","255","100.2511961722488","39,1414,43,56"
"assets/characters/3221.png","3221-23","2","84,1414,43,56","","43","56","binary","0.5888704318936877","0.0","0.4111295681063123","0.0","0","255","104.83803986710963","84,1414,42,55"
"assets/characters/3221.png","3221-23","3","128,1414,46,57","","46","57","binary","0.6281464530892449","0.0","0.3718535469107552","0.0","0","255","94.82265446224257","128,1414,45,56"
"assets/characters/3221.png","3221-23","4","175,1414,62,53","","62","53","binary","0.7321972002434571","0.0","0.2678027997565429","0.0","0","255","68.28971393791844","175,1414,61,52"
"assets/characters/3221.png","3221-23","5","238,1414,51,57","","51","57","binary","0.6597867217062263","0.0","0.3402132782937736","0.0","0","255","86.75438596491227","238,1414,50,56"
"assets/characters/3221.png","3221-24","0","0,1473,31,58","","31","58","binary","0.5889877641824249","0.0","0.41101223581757507","0.0","0","255","104.80812013348165","0,1473,30,57"
"assets/characters/3221.png","3221-24","1","32,1473,35,61","","35","61","binary","0.6524590163934426","0.0","0.3475409836065574","0.0","0","255","88.62295081967213","32,1473,34,60"
"assets/characters/3221.png","3221-25","0","0,1535,20,61","","20","61","binary","0.5155737704918033","0.0","0.48442622950819675","0.0","0","255","123.52868852459017","0,1535,19,60"
"assets/characters/3221.png","3221-25","1","21,1535,27,63","","27","63","binary","0.6378600823045267","0.0","0.36213991769547327","0.0","0","255","92.34567901234568","21,1535,26,62"
"assets/characters/3221.png","3221-26","0","0,1599,28,61","","28","61","binary","0.5884074941451991","0.0","0.41159250585480095","0.0","0","255","104.95608899297424","0,1599,27,60"
"assets/characters/3221.png","3221-26","1","29,1599,32,62","","32","62","binary","0.6527217741935484","0.0","0.3472782258064516","0.0","0","255","88.55594758064517","29,1599,31,61"
"assets/characters/3221.png","3221-27","0","0,1662,35,54","","35","54","binary","0.5830687830687831","0.0","0.41693121693121693","0.0","0","255","106.31746031746032","0,1662,34,53"
"assets/characters/3221.png","3221-27","1","36,1662,36,57","","36","57","binary","0.6198830409356725","0.0","0.38011695906432746","0.0","0","255","96.9298245614035","36,1662,35,56"
"assets/characters/3221.png","3221-28","0","0,1720,27,54","","27","54","binary","0.5301783264746228","0.0","0.46982167352537724","0.0","0","255","119.8045267489712","0,1720,26,53"
"assets/characters/3221.png","3221-28","1","28,1720,30,59","","30","59","binary","0.5819209039548022","0.0","0.4180790960451977","0.0","0","255","106.61016949152543","28,1720,29,58"
"assets/characters/3221.png","3221-29","0","0,1780,19,54","","19","54","binary","0.5282651072124757","0.0","0.47173489278752434","0.0","0","255","120.29239766081871","0,1780,18,53"
"assets/characters/3221.png","3221-29","1","20,1780,21,59","","21","59","binary","0.5383373688458434","0.0","0.46166263115415657","0.0","0","255","117.72397094430993","20,1780,20,58"
"assets/characters/3221.png","3221-30","0","0,1840,27,55","","27","55","binary","0.5912457912457912","0.0","0.40875420875420876","0.0","0","255","104.23232323232324","0,1840,26,54"
"assets/characters/3221.png","3221-30","1","28,1840,28,58","","28","58","binary","0.604064039408867","0.0","0.395935960591133","0.0","0","255","100.96366995073892","28,1840,27,57"
"assets/characters/3221.png","3221-31","0","0,1899,35,53","","35","53","binary","0.5956873315363881","0.0","0.40431266846361186","0.0","0","255","103.09973045822102","0,1899,34,52"
"assets/characters/3221.png","3221-31","1","36,1899,34,57","","34","57","binary","0.608359133126935","0.0","0.39164086687306504","0.0","0","255","99.86842105263158","36,1899,33,56"
"assets/characters/3221.png","3221-32","0","0,1957,23,59","","23","59","binary","0.4952100221075903","0.0","0.5047899778924098","0.0","0","255","128.72144436256448","0,1957,22,58"
"assets/characters/3221.png","3221-32","1","24,1957,23,59","","23","59","binary","0.4797347089167281","0.0","0.5202652910832719","0.0","0","255","132.66764922623435","24,1957,22,58"
"assets/characters/3221.png","3221-32","2","48,1957,24,60","","24","60","binary","0.5","0.0","0.5","0.0","0","255","127.5","48,1957,23,59"
"assets/characters/3221.png","3221-32","3","73,1957,24,60","","24","60","binary","0.48125","0.0","0.51875","0.0","0","255","132.28125","73,1957,23,59"
"assets/characters/3221.png","3221-32","4","98,1957,21,60","","21","60","binary","0.40634920634920635","0.0","0.5936507936507937","0.0","0","255","151.38095238095238","98,1957,20,59"
"assets/characters/3221.png","3221-32","5","120,1957,36,59","","36","59","binary","0.6652542372881356","0.0","0.3347457627118644","0.0","0","255","85.36016949152543","120,1957,35,58"
"assets/characters/3221.png","3221-32","6","157,1957,26,69","","26","69","binary","0.5958751393534002","0.0","0.4041248606465998","0.0","0","255","103.05183946488295","157,1957,25,68"
"assets/characters/3221.png","3221-32","7","184,1957,26,68","","26","68","binary","0.581447963800905","0.0","0.41855203619909503","0.0","0","255","106.73076923076923","184,1957,25,67"
"assets/characters/3221.png","3221-32","8","211,1957,26,68","","26","68","binary","0.583710407239819","0.0","0.416289592760181","0.0","0","255","106.15384615384616","211,1957,25,67"
"assets/characters/3221.png","3221-32","9","238,1957,26,66","","26","66","binary","0.5536130536130536","0.0","0.44638694638694637","0.0","0","255","113.82867132867133","238,1957,25,65"
"assets/characters/3221.png","3221-32","10","265,1957,28,68","","28","68","binary","0.5835084033613446","0.0","0.4164915966386555","0.0","0","255","106.20535714285714","265,1957,27,67"
"assets/characters/3221.png","3221-32","11","294,1957,29,64","","29","64","binary","0.5673491379310345","0.0","0.4326508620689655","0.0","0","255","110.3259698275862","294,1957,28,63"
"assets/characters/3221.png","3221-32","12","324,1957,34,59","","34","59","binary","0.613160518444666","0.0","0.386839481555334","0.0","0","255","98.64406779661017","324,1957,33,58"
"assets/characters/3221.png","3221-33","0","0,2027,21,61","","21","61","binary","0.49882903981264637","0.0","0.5011709601873536","0.0","0","255","127.79859484777518","0,2027,20,60"
"assets/characters/3221.png","3221-33","1","22,2027,22,63","","22","63","binary","0.5216450216450217","0.0","0.47835497835497837","0.0","0","255","121.98051948051948","22,2027,21,62"
"assets/characters/3221.png","3221-33","2","45,2027,23,63","","23","63","binary","0.5320910973084886","0.0","0.46790890269151136","0.0","0","255","119.3167701863354","45,2027,22,62"
"assets/characters/3221.png","3221-33","3","69,2027,25,64","","25","64","binary","0.571875","0.0","0.428125","0.0","0","255","109.171875","69,2027,24,63"
"assets/characters/3221.png","3221-33","4","95,2027,24,62","","24","62","binary","0.5806451612903226","0.0","0.41935483870967744","0.0","0","255","106.93548387096774","95,2027,23,61"
"assets/characters/3221.png","3221-33","5","120,2027,20,60","","20","60","binary","0.5191666666666667","0.0","0.48083333333333333","0.0","0","255","122.6125","120,2027,19,59"
"assets/characters/3221.png","3221-33","6","141,2027,15,71","","15","71","binary","0.4488262910798122","0.0","0.5511737089201878","0.0","0","255","140.54929577464787","141,2027,14,70"
"assets/characters/3221.png","3221-33","7","157,2027,15,71","","15","71","binary","0.4507042253521127","0.0","0.5492957746478874","0.0","0","255","140.07042253521126","157,2027,14,70"
"assets/characters/3221.png","3221-33","8","173,2027,15,70","","15","70","binary","0.44285714285714284","0.0","0.5571428571428572","0.0","0","255","142.07142857142858","173,2027,14,69"
"assets/characters/3221.png","3221-33","9","189,2027,15,68","","15","68","binary","0.44803921568627453","0.0","0.5519607843137255","0.0","0","255","140.75","189,2027,14,67"
"assets/characters/3221.png","3221-33","10","205,2027,19,72","","19","72","binary","0.5482456140350878","0.0","0.4517543859649123","0.0","0","255","115.19736842105263","205,2027,18,71"
"assets/characters/3221.png","3221-33","11","225,2027,21,69","","21","69","binary","0.5652173913043478","0.0","0.43478260869565216","0.0","0","255","110.8695652173913","225,2027,20,68"
"assets/characters/3221.png","3221-33","12","247,2027,22,61","","22","61","binary","0.5387481371087929","0.0","0.4612518628912072","0.0","0","255","117.61922503725782","247,2027,21,60"
"assets/characters/3221.png","3221-34","0","0,2100,25,61","","25","61","binary","0.5298360655737705","0.0","0.4701639344262295","0.0","0","255","119.89180327868853","0,2100,24,60"
"assets/characters/3221.png","3221-34","1","26,2100,27,62","","27","62","binary","0.5675029868578255","0.0","0.4324970131421744","0.0","0","255","110.28673835125448","26,2100,26,61"
"assets/characters/3221.png","3221-34","2","54,2100,28,62","","28","62","binary","0.5846774193548387","0.0","0.4153225806451613","0.0","0","255","105.90725806451613","54,2100,27,61"
"assets/characters/3221.png","3221-34","3","83,2100,30,62","","30","62","binary","0.6118279569892473","0.0","0.3881720430107527","0.0","0","255","98.98387096774194","83,2100,29,61"
"assets/characters/3221.png","3221-34","4","114,2100,20,61","","20","61","binary","0.5204918032786885","0.0","0.47950819672131145","0.0","0","255","122.27459016393442","114,2100,19,60"
"assets/characters/3221.png","3221-34","5","135,2100,21,60","","21","60","binary","0.5357142857142857","0.0","0.4642857142857143","0.0","0","255","118.39285714285714","135,2100,20,59"
"assets/characters/3221.png","3221-34","6","157,2100,18,73","","18","73","binary","0.5144596651445966","0.0","0.4855403348554033","0.0","0","255","123.81278538812785","157,2100,17,72"
"assets/characters/3221.png","3221-34","7","176,2100,19,73","","19","73","binary","0.5291997116077866","0.0","0.4708002883922134","0.0","0","255","120.05407354001441","176,2100,18,72"
"assets/characters/3221.png","3221-34","8","196,2100,20,73","","20","73","binary","0.5383561643835616","0.0","0.46164383561643835","0.0","0","255","117.71917808219177","196,2100,19,72"
"assets/characters/3221.png","3221-34","9","217,2100,19,70","","19","70","binary","0.46842105263157896","0.0","0.531578947368421","0.0","0","255","135.55263157894737","217,2100,18,69"
"assets/characters/3221.png","3221-34","10","237,2100,18,73","","18","73","binary","0.5220700152207002","0.0","0.4779299847792998","0.0","0","255","121.87214611872146","237,2100,17,72"
"assets/characters/3221.png","3221-34","11","256,2100,19,68","","19","68","binary","0.5061919504643962","0.0","0.4938080495356037","0.0","0","255","125.92105263157895","256,2100,18,67"
"assets/characters/3221.png","3221-34","12","276,2100,22,60","","22","60","binary","0.5143939393939394","0.0","0.4856060606060606","0.0","0","255","123.82954545454545","276,2100,21,59"
"assets/characters/3221.png","3221-35","0","0,2174,29,57","","29","57","binary","0.558983666061706","0.0","0.44101633393829404","0.0","0","255","112.45916515426497","0,2174,28,56"
"assets/characters/3221.png","3221-35","1","30,2174,28,59","","28","59","binary","0.5581113801452785","0.0","0.44188861985472155","0.0","0","255","112.681598062954","30,2174,27,58"
"assets/characters/3221.png","3221-35","2","59,2174,28,58","","28","58","binary","0.5511083743842364","0.0","0.44889162561576357","0.0","0","255","114.4673645320197","59,2174,27,57"
"assets/characters/3221.png","3221-35","3","88,2174,28,58","","28","58","binary","0.5548029556650246","0.0","0.44519704433497537","0.0","0","255","113.52524630541872","88,2174,27,57"
"assets/characters/3221.png","3221-35","4","117,2174,21,58","","21","58","binary","0.4343185550082102","0.0","0.5656814449917899","0.0","0","255","144.2487684729064","117,2174,20,57"
"assets/characters/3221.png","3221-35","5","139,2174,34,59","","34","59","binary","0.6301096709870389","0.0","0.3698903290129611","0.0","0","255","94.32203389830508","139,2174,33,58"
"assets/characters/3221.png","3221-35","6","174,2174,28,74","","28","74","binary","0.6563706563706564","0.0","0.3436293436293436","0.0","0","255","87.62548262548262","174,2174,27,73"
"assets/characters/3221.png","3221-35","7","203,2174,29,75","","29","75","binary","0.6588505747126436","0.0","0.3411494252873563","0.0","0","255","86.99310344827586","203,2174,28,74"
"assets/characters/3221.png","3221-35","8","233,2174,30,75","","30","75","binary","0.6586666666666666","0.0","0.3413333333333333","0.0","0","255","87.04","233,2174,29,74"
"assets/characters/3221.png","3221-35","9","264,2174,31,73","","31","73","binary","0.6456031816173221","0.0","0.35439681838267784","0.0","0","255","90.37118868758286","264,2174,30,72"
"assets/characters/3221.png","3221-35","10","296,2174,27,70","","27","70","binary","0.5783068783068783","0.0","0.4216931216931217","0.0","0","255","107.53174603174604","296,2174,26,69"
"assets/characters/3221.png","3221-35","11","324,2174,30,63","","30","63","binary","0.582010582010582","0.0","0.41798941798941797","0.0","0","255","106.58730158730158","324,2174,29,62"
"assets/characters/3221.png","3221-35","12","355,2174,38,57","","38","57","binary","0.6574330563250231","0.0","0.3425669436749769","0.0","0","255","87.35457063711911","355,2174,37,56"
"assets/characters/3221.png","3221-36","0","0,2250,23,59","","23","59","binary","0.496683861459101","0.0","0.5033161385408991","0.0","0","255","128.34561532792927","0,2250,22,58"
"assets/characters/3221.png","3221-36","1","24,2250,24,58","","24","58","binary","0.4992816091954023","0.0","0.5007183908045977","0.0","0","255","127.68318965517241","24,2250,23,57"
"assets/characters/3221.png","3221-36","2","49,2250,24,57","","24","57","binary","0.5014619883040936","0.0","0.49853801169590645","0.0","0","255","127.12719298245614","49,2250,23,56"
"assets/characters/3221.png","3221-36","3","74,2250,24,56","","24","56","binary","0.48214285714285715","0.0","0.5178571428571429","0.0","0","255","132.05357142857142","74,2250,23,55"
"assets/characters/3221.png","3221-36","4","99,2250,21,56","","21","56","binary","0.3869047619047619","0.0","0.6130952380952381","0.0","0","255","156.33928571428572","99,2250,20,55"
"assets/characters/3221.png","3221-36","5","121,2250,36,58","","36","58","binary","0.6561302681992337","0.0","0.3438697318007663","0.0","0","255","87.6867816091954","121,2250,35,57"
"assets/characters/3221.png","3221-36","6","158,2250,26,73","","26","73","binary","0.6138040042149632","0.0","0.3861959957850369","0.0","0","255","98.4799789251844","158,2250,25,72"
"assets/characters/3221.png","3221-36","7","185,2250,26,75","","26","75","binary","0.617948717948718","0.0","0.382051282051282","0.0","0","255","97.42307692307692","185,2250,25,74"
"assets/characters/3221.png","3221-36","8","212,2250,26,76","","26","76","binary","0.6169028340080972","0.0","0.38309716599190285","0.0","0","255","97.68977732793522","212,2250,25,75"
"assets/characters/3221.png","3221-36","9","239,2250,26,76","","26","76","binary","0.6108299595141701","0.0","0.38917004048583","0.0","0","255","99.23836032388664","239,2250,25,75"
"assets/characters/3221.png","3221-36","10","266,2250,28,69","","28","69","binary","0.5910973084886129","0.0","0.40890269151138714","0.0","0","255","104.27018633540372","266,2250,27,68"
"assets/characters/3221.png","3221-36","11","295,2250,29,60","","29","60","binary","0.5402298850574713","0.0","0.45977011494252873","0.0","0","255","117.24137931034483","295,2250,28,59"
"assets/characters/3221.png","3221-36","12","325,2250,34,59","","34","59","binary","0.6041874376869392","0.0","0.39581256231306083","0.0","0","255","100.9322033898305","325,2250,33,58"
"assets/characters/3221.png","3221-37","0","0,2327,21,60","","21","60","binary","0.5126984126984127","0.0","0.4873015873015873","0.0","0","255","124.26190476190476","0,2327,20,59"
"assets/characters/3221.png","3221-37","1","22,2327,22,61","","22","61","binary","0.5380029806259314","0.0","0.46199701937406856","0.0","0","255","117.80923994038749","22,2327,21,60"
"assets/characters/3221.png","3221-37","2","45,2327,23,59","","23","59","binary","0.5504789977892409","0.0","0.449521002210759","0.0","0","255","114.62785556374355","45,2327,22,58"
"assets/characters/3221.png","3221-37","3","69,2327,25,58","","25","58","binary","0.5820689655172414","0.0","0.41793103448275865","0.0","0","255","106.57241379310345","69,2327,24,57"
"assets/characters/3221.png","3221-37","4","95,2327,24,57","","24","57","binary","0.5884502923976608","0.0","0.41154970760233917","0.0","0","255","104.9451754385965","95,2327,23,56"
"assets/characters/3221.png","3221-37","5","120,2327,20,59","","20","59","binary","0.5245762711864407","0.0","0.4754237288135593","0.0","0","255","121.23305084745763","120,2327,19,58"
"assets/characters/3221.png","3221-37","6","141,2327,15,73","","15","73","binary","0.4639269406392694","0.0","0.5360730593607306","0.0","0","255","136.6986301369863","141,2327,14,72"
"assets/characters/3221.png","3221-37","7","157,2327,14,75","","14","75","binary","0.4438095238095238","0.0","0.5561904761904762","0.0","0","255","141.82857142857142","157,2327,13,74"
"assets/characters/3221.png","3221-37","8","172,2327,15,76","","15","76","binary","0.4780701754385965","0.0","0.5219298245614035","0.0","0","255","133.0921052631579","172,2327,14,75"
"assets/characters/3221.png","3221-37","9","188,2327,14,76","","14","76","binary","0.45300751879699247","0.0","0.5469924812030075","0.0","0","255","139.4830827067669","188,2327,13,75"
"assets/characters/3221.png","3221-37","10","203,2327,19,70","","19","70","binary","0.5586466165413534","0.0","0.4413533834586466","0.0","0","255","112.54511278195488","203,2327,18,69"
"assets/characters/3221.png","3221-37","11","223,2327,20,62","","20","62","binary","0.5258064516129032","0.0","0.47419354838709676","0.0","0","255","120.91935483870968","223,2327,19,61"
"assets/characters/3221.png","3221-37","12","244,2327,22,61","","22","61","binary","0.5417287630402384","0.0","0.4582712369597616","0.0","0","255","116.85916542473919","244,2327,21,60"
"assets/characters/3221.png","3221-38","0","0,2404,25,59","","25","59","binary","0.5525423728813559","0.0","0.44745762711864406","0.0","0","255","114.10169491525424","0,2404,24,58"
"assets/characters/3221.png","3221-38","1","26,2404,27,59","","27","59","binary","0.6001255492780917","0.0","0.39987445072190836","0.0","0","255","101.96798493408663","26,2404,26,58"
"assets/characters/3221.png","3221-38","2","54,2404,28,58","","28","58","binary","0.6200738916256158","0.0","0.37992610837438423","0.0","0","255","96.88115763546799","54,2404,27,57"
"assets/characters/3221.png","3221-38","3","83,2404,30,57","","30","57","binary","0.6485380116959064","0.0","0.3514619883040936","0.0","0","255","89.62280701754386","83,2404,29,56"
"assets/characters/3221.png","3221-38","4","114,2404,20,57","","20","57","binary","0.5271929824561403","0.0","0.4728070175438597","0.0","0","255","120.5657894736842","114,2404,19,56"
"assets/characters/3221.png","3221-38","5","135,2404,22,58","","22","58","binary","0.5556426332288401","0.0","0.4443573667711599","0.0","0","255","113.31112852664577","135,2404,21,57"
"assets/characters/3221.png","3221-38","6","158,2404,18,72","","18","72","binary","0.5455246913580247","0.0","0.45447530864197533","0.0","0","255","115.89120370370371","158,2404,17,71"
"assets/characters/3221.png","3221-38","7","177,2404,19,73","","19","73","binary","0.5652487382840663","0.0","0.43475126171593365","0.0","0","255","110.86157173756308","177,2404,18,72"
"assets/characters/3221.png","3221-38","8","197,2404,20,73","","20","73","binary","0.5575342465753425","0.0","0.44246575342465755","0.0","0","255","112.82876712328768","197,2404,19,72"
"assets/characters/3221.png","3221-38","9","218,2404,19,73","","19","73","binary","0.5306416726748377","0.0","0.4693583273251622","0.0","0","255","119.68637346791637","218,2404,18,72"
"assets/characters/3221.png","3221-38","10","238,2404,18,67","","18","67","binary","0.5157545605306799","0.0","0.4842454394693201","0.0","0","255","123.48258706467662","238,2404,17,66"
"assets/characters/3221.png","3221-38","11","257,2404,19,61","","19","61","binary","0.5030198446937014","0.0","0.4969801553062985","0.0","0","255","126.72993960310613","257,2404,18,60"
"assets/characters/3221.png","3221-38","12","277,2404,22,60","","22","60","binary","0.553030303030303","0.0","0.44696969696969696","0.0","0","255","113.97727272727273","277,2404,21,59"
"assets/characters/3221.png","3221-39","0","0,2478,28,57","","28","57","binary","0.5676691729323309","0.0","0.4323308270676692","0.0","0","255","110.24436090225564","0,2478,27,56"
"assets/characters/3221.png","3221-39","1","29,2478,28,56","","28","56","binary","0.5676020408163265","0.0","0.43239795918367346","0.0","0","255","110.26147959183673","29,2478,27,55"
"assets/characters/3221.png","3221-39","2","58,2478,28,56","","28","56","binary","0.5663265306122449","0.0","0.4336734693877551","0.0","0","255","110.58673469387755","58,2478,27,55"
"assets/characters/3221.png","3221-39","3","87,2478,28,56","","28","56","binary","0.5637755102040817","0.0","0.4362244897959184","0.0","0","255","111.23724489795919","87,2478,27,55"
"assets/characters/3221.png","3221-39","4","116,2478,21,56","","21","56","binary","0.413265306122449","0.0","0.5867346938775511","0.0","0","255","149.6173469387755","116,2478,20,55"
"assets/characters/3221.png","3221-39","5","138,2478,34,57","","34","57","binary","0.6336429308565531","0.0","0.36635706914344685","0.0","0","255","93.42105263157895","138,2478,33,56"
"assets/characters/3221.png","3221-39","6","173,2478,28,68","","28","68","binary","0.6439075630252101","0.0","0.3560924369747899","0.0","0","255","90.80357142857143","173,2478,27,67"
"assets/characters/3221.png","3221-39","7","202,2478,29,68","","29","68","binary","0.6424949290060852","0.0","0.3575050709939148","0.0","0","255","91.16379310344827","202,2478,28,67"
"assets/characters/3221.png","3221-39","8","232,2478,30,68","","30","68","binary","0.6392156862745098","0.0","0.3607843137254902","0.0","0","255","92.0","232,2478,29,67"
"assets/characters/3221.png","3221-39","9","263,2478,31,67","","31","67","binary","0.62782859894078","0.0","0.37217140105922003","0.0","0","255","94.90370727010111","263,2478,30,66"
"assets/characters/3221.png","3221-39","10","295,2478,27,65","","27","65","binary","0.5686609686609687","0.0","0.43133903133903134","0.0","0","255","109.99145299145299","295,2478,26,64"
"assets/characters/3221.png","3221-39","11","323,2478,30,58","","30","58","binary","0.5609195402298851","0.0","0.43908045977011495","0.0","0","255","111.96551724137932","323,2478,29,57"
"assets/characters/3221.png","3221-39","12","354,2478,38,57","","38","57","binary","0.6652816251154201","0.0","0.3347183748845799","0.0","0","255","85.35318559556787","354,2478,37,56"
"assets/characters/3221.png","3221-40","0","0,2547,23,60","","23","60","binary","0.4905797101449275","0.0","0.5094202898550725","0.0","0","255","129.90217391304347","0,2547,22,59"
"assets/characters/3221.png","3221-40","1","24,2547,22,61","","22","61","binary","0.44783904619970194","0.0","0.5521609538002981","0.0","0","255","140.801043219076","24,2547,21,60"
"assets/characters/3221.png","3221-40","2","47,2547,21,60","","21","60","binary","0.38412698412698415","0.0","0.6158730158730159","0.0","0","255","157.04761904761904","47,2547,20,59"
"assets/characters/3221.png","3221-40","3","69,2547,22,61","","22","61","binary","0.35991058122205666","0.0","0.6400894187779433","0.0","0","255","163.22280178837556","69,2547,21,60"
"assets/characters/3221.png","3221-40","4","92,2547,28,60","","28","60","binary","0.530952380952381","0.0","0.46904761904761905","0.0","0","255","119.60714285714286","92,2547,27,59"
"assets/characters/3221.png","3221-40","5","121,2547,22,68","","22","68","binary","0.5394385026737968","0.0","0.4605614973262032","0.0","0","255","117.44318181818181","121,2547,21,67"
"assets/characters/3221.png","3221-40","6","144,2547,26,62","","26","62","binary","0.5508684863523573","0.0","0.4491315136476427","0.0","0","255","114.52853598014889","144,2547,25,61"
"assets/characters/3221.png","3221-40","7","171,2547,27,60","","27","60","binary","0.5617283950617284","0.0","0.4382716049382716","0.0","0","255","111.75925925925925","171,2547,26,59"
"assets/characters/3221.png","3221-40","8","199,2547,27,63","","27","63","binary","0.5714285714285714","0.0","0.42857142857142855","0.0","0","255","109.28571428571429","199,2547,26,62"
"assets/characters/3221.png","3221-40","9","227,2547,27,68","","27","68","binary","0.5849673202614379","0.0","0.4150326797385621","0.0","0","255","105.83333333333333","227,2547,26,67"
"assets/characters/3221.png","3221-40","10","255,2547,35,63","","35","63","binary","0.6566893424036281","0.0","0.34331065759637186","0.0","0","255","87.54421768707483","255,2547,34,62"
"assets/characters/3221.png","3221-40","11","291,2547,32,58","","32","58","binary","0.6136853448275862","0.0","0.3863146551724138","0.0","0","255","98.51023706896552","291,2547,31,57"
"assets/characters/3221.png","3221-41","0","0,2616,19,62","","19","62","binary","0.4431239388794567","0.0","0.5568760611205433","0.0","0","255","142.00339558573853","0,2616,18,61"
"assets/characters/3221.png","3221-41","1","20,2616,17,63","","17","63","binary","0.38095238095238093","0.0","0.6190476190476191","0.0","0","255","157.85714285714286","20,2616,16,62"
"assets/characters/3221.png","3221-41","2","38,2616,15,63","","15","63","binary","0.28253968253968254","0.0","0.7174603174603175","0.0","0","255","182.95238095238096","38,2616,14,62"
"assets/characters/3221.png","3221-41","3","54,2616,21,63","","21","63","binary","0.42101284958427815","0.0","0.5789871504157218","0.0","0","255","147.64172335600907","54,2616,20,62"
"assets/characters/3221.png","3221-41","4","76,2616,30,61","","30","61","binary","0.6311475409836066","0.0","0.36885245901639346","0.0","0","255","94.05737704918033","76,2616,29,60"
"assets/characters/3221.png","3221-41","5","107,2616,17,67","","17","67","binary","0.44600526777875327","0.0","0.5539947322212467","0.0","0","255","141.26865671641792","107,2616,16,66"
"assets/characters/3221.png","3221-41","6","125,2616,15,62","","15","62","binary","0.3720430107526882","0.0","0.6279569892473118","0.0","0","255","160.1290322580645","125,2616,14,61"
"assets/characters/3221.png","3221-41","7","141,2616,15,60","","15","60","binary","0.37666666666666665","0.0","0.6233333333333333","0.0","0","255","158.95","141,2616,14,59"
"assets/characters/3221.png","3221-41","8","157,2616,19,63","","19","63","binary","0.49874686716791977","0.0","0.5012531328320802","0.0","0","255","127.81954887218045","157,2616,18,62"
"assets/characters/3221.png","3221-41","9","177,2616,33,67","","33","67","binary","0.7010402532790593","0.0","0.2989597467209408","0.0","0","255","76.23473541383989","177,2616,32,66"
"assets/characters/3221.png","3221-41","10","211,2616,41,60","","41","60","binary","0.7260162601626017","0.0","0.2739837398373984","0.0","0","255","69.86585365853658","211,2616,40,59"
"assets/characters/3221.png","3221-41","11","253,2616,42,60","","42","60","binary","0.7412698412698413","0.0","0.25873015873015875","0.0","0","255","65.97619047619048","253,2616,41,59"
"assets/characters/3221.png","3221-42","0","0,2684,21,60","","21","60","binary","0.44841269841269843","0.0","0.5515873015873016","0.0","0","255","140.6547619047619","0,2684,20,59"
"assets/characters/3221.png","3221-42","1","22,2684,20,62","","20","62","binary","0.4596774193548387","0.0","0.5403225806451613","0.0","0","255","137.78225806451613","22,2684,19,61"
"assets/characters/3221.png","3221-42","2","43,2684,20,62","","20","62","binary","0.47096774193548385","0.0","0.5290322580645161","0.0","0","255","134.90322580645162","43,2684,19,61"
"assets/characters/3221.png","3221-42","3","64,2684,20,61","","20","61","binary","0.4639344262295082","0.0","0.5360655737704918","0.0","0","255","136.69672131147541","64,2684,19,60"
"assets/characters/3221.png","3221-42","4","85,2684,21,59","","21","59","binary","0.4552058111380145","0.0","0.5447941888619855","0.0","0","255","138.9225181598063","85,2684,20,58"
"assets/characters/3221.png","3221-42","5","107,2684,18,69","","18","69","binary","0.48148148148148145","0.0","0.5185185185185185","0.0","0","255","132.22222222222223","107,2684,17,68"
"assets/characters/3221.png","3221-42","6","126,2684,23,64","","23","64","binary","0.563858695652174","0.0","0.4361413043478261","0.0","0","255","111.21603260869566","126,2684,22,63"
"assets/characters/3221.png","3221-42","7","150,2684,23,61","","23","61","binary","0.5516749821810406","0.0","0.4483250178189594","0.0","0","255","114.32287954383465","150,2684,22,60"
"assets/characters/3221.png","3221-42","8","174,2684,22,65","","22","65","binary","0.5503496503496503","0.0","0.44965034965034967","0.0","0","255","114.66083916083916","174,2684,21,64"
"assets/characters/3221.png","3221-42","9","197,2684,23,71","","23","71","binary","0.5744029393753828","0.0","0.4255970606246173","0.0","0","255","108.5272504592774","197,2684,22,70"
"assets/characters/3221.png","3221-42","10","221,2684,28,63","","28","63","binary","0.604875283446712","0.0","0.39512471655328796","0.0","0","255","100.75680272108843","221,2684,27,62"
"assets/characters/3221.png","3221-42","11","250,2684,36,60","","36","60","binary","0.6773148148148148","0.0","0.3226851851851852","0.0","0","255","82.28472222222223","250,2684,35,59"
"assets/characters/3221.png","3221-43","0","0,2756,28,57","","28","57","binary","0.5651629072681704","0.0","0.4348370927318296","0.0","0","255","110.88345864661655","0,2756,27,56"
"assets/characters/3221.png","3221-43","1","29,2756,27,57","","27","57","binary","0.5503573749187785","0.0","0.44964262508122155","0.0","0","255","114.6588693957115","29,2756,26,56"
"assets/characters/3221.png","3221-43","2","57,2756,26,57","","26","57","binary","0.5053981106612686","0.0","0.49460188933873145","0.0","0","255","126.12348178137651","57,2756,25,56"
"assets/characters/3221.png","3221-43","3","84,2756,27,56","","27","56","binary","0.5535714285714286","0.0","0.44642857142857145","0.0","0","255","113.83928571428571","84,2756,26,55"
"assets/characters/3221.png","3221-43","4","112,2756,24,56","","24","56","binary","0.49776785714285715","0.0","0.5022321428571429","0.0","0","255","128.06919642857142","112,2756,23,55"
"assets/characters/3221.png","3221-43","5","137,2756,24,72","","24","72","binary","0.5949074074074074","0.0","0.4050925925925926","0.0","0","255","103.29861111111111","137,2756,23,71"
"assets/characters/3221.png","3221-43","6","162,2756,30,69","","30","69","binary","0.6478260869565218","0.0","0.3521739130434783","0.0","0","255","89.80434782608695","162,2756,29,68"
"assets/characters/3221.png","3221-43","7","193,2756,31,67","","31","67","binary","0.6456427539720752","0.0","0.3543572460279249","0.0","0","255","90.36109773712084","193,2756,30,66"
"assets/characters/3221.png","3221-43","8","225,2756,31,70","","31","70","binary","0.6516129032258065","0.0","0.34838709677419355","0.0","0","255","88.83870967741936","225,2756,30,69"
"assets/characters/3221.png","3221-43","9","257,2756,25,73","","25","73","binary","0.6180821917808219","0.0","0.3819178082191781","0.0","0","255","97.3890410958904","257,2756,24,72"
"assets/characters/3221.png","3221-43","10","283,2756,23,62","","23","62","binary","0.5217391304347826","0.0","0.4782608695652174","0.0","0","255","121.95652173913044","283,2756,22,61"
"assets/characters/3221.png","3221-43","11","307,2756,28,58","","28","58","binary","0.5720443349753694","0.0","0.42795566502463056","0.0","0","255","109.12869458128078","307,2756,27,57"
"assets/characters/3221.png","3221-44","0","0,2830,23,58","","23","58","binary","0.4835082458770615","0.0","0.5164917541229386","0.0","0","255","131.70539730134934","0,2830,22,57"
"assets/characters/3221.png","3221-44","1","24,2830,22,58","","22","58","binary","0.445141065830721","0.0","0.554858934169279","0.0","0","255","141.48902821316614","24,2830,21,57"
"assets/characters/3221.png","3221-44","2","47,2830,21,58","","21","58","binary","0.39655172413793105","0.0","0.603448275862069","0.0","0","255","153.8793103448276","47,2830,20,57"
"assets/characters/3221.png","3221-44","3","69,2830,22,56","","22","56","binary","0.37337662337662336","0.0","0.6266233766233766","0.0","0","255","159.78896103896105","69,2830,21,55"
"assets/characters/3221.png","3221-44","4","92,2830,28,57","","28","57","binary","0.5112781954887218","0.0","0.48872180451127817","0.0","0","255","124.62406015037594","92,2830,27,56"
"assets/characters/3221.png","3221-44","5","121,2830,22,74","","22","74","binary","0.5442260442260443","0.0","0.4557739557739558","0.0","0","255","116.22235872235872","121,2830,21,73"
"assets/characters/3221.png","3221-44","6","144,2830,26,75","","26","75","binary","0.5841025641025641","0.0","0.4158974358974359","0.0","0","255","106.05384615384615","144,2830,25,74"
"assets/characters/3221.png","3221-44","7","171,2830,27,75","","27","75","binary","0.6","0.0","0.4","0.0","0","255","102.0","171,2830,26,74"
"assets/characters/3221.png","3221-44","8","199,2830,27,76","","27","76","binary","0.6130604288499025","0.0","0.38693957115009747","0.0","0","255","98.66959064327486","199,2830,26,75"
"assets/characters/3221.png","3221-44","9","227,2830,27,73","","27","73","binary","0.6169457128361238","0.0","0.3830542871638762","0.0","0","255","97.67884322678843","227,2830,26,72"
"assets/characters/3221.png","3221-44","10","255,2830,35,59","","35","59","binary","0.6498789346246974","0.0","0.3501210653753027","0.0","0","255","89.28087167070218","255,2830,34,58"
"assets/characters/3221.png","3221-44","11","291,2830,32,59","","32","59","binary","0.6149364406779662","0.0","0.3850635593220339","0.0","0","255","98.19120762711864","291,2830,31,58"
"assets/characters/3221.png","3221-45","0","0,2907,19,61","","19","61","binary","0.4685073339085418","0.0","0.5314926660914582","0.0","0","255","135.53062985332184","0,2907,18,60"
"assets/characters/3221.png","3221-45","1","20,2907,17,60","","17","60","binary","0.41568627450980394","0.0","0.5843137254901961","0.0","0","255","149.0","20,2907,16,59"
"assets/characters/3221.png","3221-45","2","38,2907,15,59","","15","59","binary","0.32994350282485874","0.0","0.6700564971751413","0.0","0","255","170.864406779661","38,2907,14,58"
"assets/characters/3221.png","3221-45","3","54,2907,21,58","","21","58","binary","0.4523809523809524","0.0","0.5476190476190477","0.0","0","255","139.64285714285714","54,2907,20,57"
"assets/characters/3221.png","3221-45","4","76,2907,31,61","","31","61","binary","0.6388154415653093","0.0","0.36118455843469066","0.0","0","255","92.10206240084611","76,2907,30,60"
"assets/characters/3221.png","3221-45","5","108,2907,17,78","","17","78","binary","0.4803921568627451","0.0","0.5196078431372549","0.0","0","255","132.5","108,2907,16,77"
"assets/characters/3221.png","3221-45","6","126,2907,15,79","","15","79","binary","0.4109704641350211","0.0","0.5890295358649789","0.0","0","255","150.20253164556962","126,2907,14,78"
"assets/characters/3221.png","3221-45","7","142,2907,15,79","","15","79","binary","0.389873417721519","0.0","0.610126582278481","0.0","0","255","155.58227848101265","142,2907,14,78"
"assets/characters/3221.png","3221-45","8","158,2907,19,78","","19","78","binary","0.5256410256410257","0.0","0.47435897435897434","0.0","0","255","120.96153846153847","158,2907,18,77"
"assets/characters/3221.png","3221-45","9","178,2907,33,72","","33","72","binary","0.7108585858585859","0.0","0.28914141414141414","0.0","0","255","73.73106060606061","178,2907,32,71"
"assets/characters/3221.png","3221-45","10","212,2907,41,61","","41","61","binary","0.7457017193122751","0.0","0.2542982806877249","0.0","0","255","64.84606157536986","212,2907,40,60"
"assets/characters/3221.png","3221-45","11","254,2907,43,62","","43","62","binary","0.7554388597149287","0.0","0.24456114028507125","0.0","0","255","62.36309077269318","254,2907,42,61"
"assets/characters/3221.png","3221-46","0","0,2987,21,60","","21","60","binary","0.48412698412698413","0.0","0.5158730158730159","0.0","0","255","131.54761904761904","0,2987,20,59"
"assets/characters/3221.png","3221-46","1","22,2987,20,59","","20","59","binary","0.48559322033898306","0.0","0.514406779661017","0.0","0","255","131.17372881355934","22,2987,19,58"
"assets/characters/3221.png","3221-46","2","43,2987,20,59","","20","59","binary","0.48898305084745763","0.0","0.5110169491525424","0.0","0","255","130.3093220338983","43,2987,19,58"
"assets/characters/3221.png","3221-46","3","64,2987,20,59","","20","59","binary","0.5084745762711864","0.0","0.4915254237288136","0.0","0","255","125.33898305084746","64,2987,19,58"
"assets/characters/3221.png","3221-46","4","85,2987,21,60","","21","60","binary","0.4777777777777778","0.0","0.5222222222222223","0.0","0","255","133.16666666666666","85,2987,20,59"
"assets/characters/3221.png","3221-46","5","107,2987,18,77","","18","77","binary","0.5021645021645021","0.0","0.49783549783549785","0.0","0","255","126.94805194805195","107,2987,17,76"
"assets/characters/3221.png","3221-46","6","126,2987,23,77","","23","77","binary","0.6047430830039525","0.0","0.3952569169960474","0.0","0","255","100.7905138339921","126,2987,22,76"
"assets/characters/3221.png","3221-46","7","150,2987,23,75","","23","75","binary","0.5907246376811595","0.0","0.4092753623188406","0.0","0","255","104.36521739130434","150,2987,22,74"
"assets/characters/3221.png","3221-46","8","174,2987,22,77","","22","77","binary","0.5796930342384888","0.0","0.4203069657615112","0.0","0","255","107.17827626918536","174,2987,21,76"
"assets/characters/3221.png","3221-46","9","197,2987,22,76","","22","76","binary","0.5831339712918661","0.0","0.416866028708134","0.0","0","255","106.30083732057416","197,2987,21,75"
"assets/characters/3221.png","3221-46","10","220,2987,28,63","","28","63","binary","0.6281179138321995","0.0","0.37188208616780044","0.0","0","255","94.82993197278911","220,2987,27,62"
"assets/characters/3221.png","3221-46","11","249,2987,36,60","","36","60","binary","0.6782407407407407","0.0","0.32175925925925924","0.0","0","255","82.04861111111111","249,2987,35,59"
"assets/characters/3221.png","3221-47","0","0,3065,28,57","","28","57","binary","0.5802005012531328","0.0","0.4197994987468672","0.0","0","255","107.04887218045113","0,3065,27,56"
"assets/characters/3221.png","3221-47","1","29,3065,27,58","","27","58","binary","0.5644955300127714","0.0","0.4355044699872286","0.0","0","255","111.0536398467433","29,3065,26,57"
"assets/characters/3221.png","3221-47","2","57,3065,26,58","","26","58","binary","0.519893899204244","0.0","0.48010610079575594","0.0","0","255","122.42705570291777","57,3065,25,57"
"assets/characters/3221.png","3221-47","3","84,3065,27,58","","27","58","binary","0.5504469987228607","0.0","0.4495530012771392","0.0","0","255","114.6360153256705","84,3065,26,57"
"assets/characters/3221.png","3221-47","4","112,3065,25,58","","25","58","binary","0.5275862068965518","0.0","0.4724137931034483","0.0","0","255","120.46551724137932","112,3065,24,57"
"assets/characters/3221.png","3221-47","5","138,3065,23,71","","23","71","binary","0.5909369259032455","0.0","0.40906307409675446","0.0","0","255","104.31108389467238","138,3065,22,70"
"assets/characters/3221.png","3221-47","6","162,3065,30,68","","30","68","binary","0.6583333333333333","0.0","0.3416666666666667","0.0","0","255","87.125","162,3065,29,67"
"assets/characters/3221.png","3221-47","7","193,3065,31,66","","31","66","binary","0.64613880742913","0.0","0.35386119257087","0.0","0","255","90.23460410557185","193,3065,30,65"
"assets/characters/3221.png","3221-47","8","225,3065,31,69","","31","69","binary","0.6596540439457691","0.0","0.34034595605423096","0.0","0","255","86.78821879382889","225,3065,30,68"
"assets/characters/3221.png","3221-47","9","257,3065,25,72","","25","72","binary","0.6133333333333333","0.0","0.38666666666666666","0.0","0","255","98.6","257,3065,24,71"
"assets/characters/3221.png","3221-47","10","283,3065,23,64","","23","64","binary","0.5489130434782609","0.0","0.45108695652173914","0.0","0","255","115.02717391304348","283,3065,22,63"
"assets/characters/3221.png","3221-47","11","307,3065,28,58","","28","58","binary","0.5849753694581281","0.0","0.41502463054187194","0.0","0","255","105.83128078817734","307,3065,27,57"
"assets/characters/3221.png","3221-48","0","0,3138,28,57","","28","57","binary","0.5513784461152882","0.0","0.44862155388471175","0.0","0","255","114.3984962406015","0,3138,27,56"
"assets/characters/3221.png","3221-48","1","29,3138,31,42","","31","42","binary","0.4846390168970814","0.0","0.5153609831029186","0.0","0","255","131.41705069124424","29,3138,30,41"
"assets/characters/3221.png","3221-48","2","61,3138,28,57","","28","57","binary","0.5463659147869674","0.0","0.45363408521303256","0.0","0","255","115.67669172932331","61,3138,27,56"
"assets/characters/3221.png","3221-49","0","0,3196,23,61","","23","61","binary","0.5281539558089807","0.0","0.4718460441910192","0.0","0","255","120.32074126870991","0,3196,22,60"
"assets/characters/3221.png","3221-49","1","24,3196,24,47","","24","47","binary","0.5460992907801419","0.0","0.45390070921985815","0.0","0","255","115.74468085106383","24,3196,23,46"
"assets/characters/3221.png","3221-49","2","49,3196,23,61","","23","61","binary","0.5288667141838916","0.0","0.47113328581610836","0.0","0","255","120.13898788310763","49,3196,22,60"
"assets/characters/3221.png","3221-50","0","0,3258,32,58","","32","58","binary","0.5792025862068966","0.0","0.4207974137931034","0.0","0","255","107.30334051724138","0,3258,31,57"
"assets/characters/3221.png","3221-50","1","33,3258,32,48","","32","48","binary","0.5299479166666666","0.0","0.4700520833333333","0.0","0","255","119.86328125","33,3258,31,47"
"assets/characters/3221.png","3221-50","2","66,3258,35,58","","35","58","binary","0.6157635467980296","0.0","0.3842364532019704","0.0","0","255","97.98029556650246","66,3258,34,57"
"assets/characters/3221.png","3221-51","0","0,3317,37,49","","37","49","binary","0.5140650854936569","0.0","0.4859349145063431","0.0","0","255","123.91340319911748","0,3317,36,48"
"assets/characters/3221.png","3221-51","1","38,3317,41,43","","41","43","binary","0.5065229722064662","0.0","0.49347702779353375","0.0","0","255","125.83664208735111","38,3317,40,42"
"assets/characters/3221.png","3221-51","2","80,3317,39,49","","39","49","binary","0.5379382522239665","0.0","0.4620617477760335","0.0","0","255","117.82574568288854","80,3317,38,48"
"assets/characters/3221.png","3221-52","0","0,3367,28,46","","28","46","binary","0.48990683229813664","0.0","0.5100931677018633","0.0","0","255","130.07375776397515","0,3367,27,45"
"assets/characters/3221.png","3221-52","1","29,3367,31,41","","31","41","binary","0.47128245476003144","0.0","0.5287175452399685","0.0","0","255","134.82297403619197","29,3367,30,40"
"assets/characters/3221.png","3221-52","2","61,3367,28,46","","28","46","binary","0.4805900621118012","0.0","0.5194099378881988","0.0","0","255","132.44953416149067","61,3367,27,45"
"assets/characters/3221.png","3221-53","0","0,3414,23,46","","23","46","binary","0.5652173913043478","0.0","0.43478260869565216","0.0","0","255","110.8695652173913","0,3414,22,45"
"assets/characters/3221.png","3221-53","1","24,3414,24,39","","24","39","binary","0.5662393162393162","0.0","0.4337606837606838","0.0","0","255","110.60897435897436","24,3414,23,38"
"assets/characters/3221.png","3221-53","2","49,3414,23,46","","23","46","binary","0.5642722117202268","0.0","0.43572778827977315","0.0","0","255","111.11058601134215","49,3414,22,45"
"assets/characters/3221.png","3221-54","0","0,3461,32,46","","32","46","binary","0.5394021739130435","0.0","0.46059782608695654","0.0","0","255","117.4524456521739","0,3461,31,45"
"assets/characters/3221.png","3221-54","1","33,3461,31,39","","31","39","binary","0.48221670802315963","0.0","0.5177832919768404","0.0","0","255","132.03473945409428","33,3461,30,38"
"assets/characters/3221.png","3221-54","2","65,3461,35,46","","35","46","binary","0.5726708074534161","0.0","0.42732919254658386","0.0","0","255","108.96894409937889","65,3461,34,45"
"assets/characters/3221.png","3221-55","0","0,3508,37,49","","37","49","binary","0.5592939878654164","0.0","0.44070601213458355","0.0","0","255","112.3800330943188","0,3508,36,48"
"assets/characters/3221.png","3221-55","1","38,3508,40,36","","40","36","binary","0.45","0.0","0.55","0.0","0","255","140.25","38,3508,39,35"
"assets/characters/3221.png","3221-55","2","79,3508,39,49","","39","49","binary","0.5813710099424385","0.0","0.4186289900575615","0.0","0","255","106.75039246467819","79,3508,38,48"
"assets/characters/3221.png","3221-96","0","0,3558,28,59","","28","59","binary","0.587772397094431","0.0","0.41222760290556903","0.0","0","255","105.1180387409201","0,3558,27,58"
"assets/characters/3221.png","3221-96","1","29,3558,35,60","","35","60","binary","0.6671428571428571","0.0","0.33285714285714285","0.0","0","255","84.87857142857143","29,3558,34,59"
"assets/characters/3221.png","3221-96","2","65,3558,46,65","","46","65","binary","0.7535117056856188","0.0","0.24648829431438127","0.0","0","255","62.85451505016722","65,3558,45,64"
"assets/characters/3221.png","3221-96","3","112,3558,61,62","","61","62","binary","0.8138551031200423","0.0","0.1861448968799577","0.0","0","255","47.46694870438921","112,3558,60,61"
"assets/characters/3221.png","3221-96","4","174,3558,75,47","","75","47","binary","0.8121985815602837","0.0","0.18780141843971632","0.0","0","255","47.88936170212766","174,3558,74,46"
"assets/characters/3221.png","3221-96","5","250,3558,93,49","","93","49","binary","0.8466096115865701","0.0","0.1533903884134299","0.0","0","255","39.114549045424624","250,3558,92,48"
"assets/characters/3221.png","3221-96","6","344,3558,109,52","","109","52","binary","0.8500352858151023","0.0","0.14996471418489768","0.0","0","255","38.24100211714891","344,3558,108,51"
"assets/characters/3221.png","3221-96","7","454,3558,54,42","","54","42","binary","0.6261022927689595","0.0","0.37389770723104054","0.0","0","255","95.34391534391534","454,3558,53,41"
"assets/characters/3221.png","3221-96","8","509,3558,56,36","","56","36","binary","0.6418650793650794","0.0","0.35813492063492064","0.0","0","255","91.32440476190476","509,3558,55,35"
"assets/characters/3221.png","3221-96","9","566,3558,57,33","","57","33","binary","0.6517809675704412","0.0","0.34821903242955876","0.0","0","255","88.79585326953747","566,3558,56,32"
"assets/characters/3221.png","3221-96","10","624,3558,52,29","","52","29","binary","0.5875331564986738","0.0","0.4124668435013263","0.0","0","255","105.1790450928382","624,3558,51,28"
"assets/characters/3221.png","3221-97","0","0,3624,25,64","","25","64","binary","0.6525","0.0","0.3475","0.0","0","255","88.6125","0,3624,24,63"
"assets/characters/3221.png","3221-97","1","26,3624,30,68","","30","68","binary","0.7245098039215686","0.0","0.2754901960784314","0.0","0","255","70.25","26,3624,29,67"
"assets/characters/3221.png","3221-97","2","57,3624,34,78","","34","78","binary","0.7944947209653092","0.0","0.2055052790346908","0.0","0","255","52.40384615384615","57,3624,33,77"
"assets/characters/3221.png","3221-97","3","92,3624,42,75","","42","75","binary","0.8612698412698413","0.0","0.13873015873015873","0.0","0","255","35.37619047619047","92,3624,41,74"
"assets/characters/3221.png","3221-97","4","135,3624,46,72","","46","72","binary","0.8840579710144928","0.0","0.11594202898550725","0.0","0","255","29.565217391304348","135,3624,45,71"
"assets/characters/3221.png","3221-97","5","182,3624,51,81","","51","81","binary","0.8859840232389252","0.0","0.1140159767610748","0.0","0","255","29.074074074074073","182,3624,50,80"
"assets/characters/3221.png","3221-97","6","234,3624,54,83","","54","83","binary","0.8607764390896921","0.0","0.1392235609103079","0.0","0","255","35.502008032128515","234,3624,53,82"
"assets/characters/3221.png","3221-97","7","289,3624,56,76","","56","76","binary","0.8439849624060151","0.0","0.15601503759398497","0.0","0","255","39.78383458646616","289,3624,55,75"
"assets/characters/3221.png","3221-97","8","346,3624,29,42","","29","42","binary","0.49589490968801314","0.0","0.5041050903119869","0.0","0","255","128.54679802955664","346,3624,28,41"
"assets/characters/3221.png","3221-97","9","376,3624,30,37","","30","37","binary","0.4828828828828829","0.0","0.5171171171171172","0.0","0","255","131.86486486486487","376,3624,29,36"
"assets/characters/3221.png","3221-97","10","407,3624,32,36","","32","36","binary","0.5104166666666666","0.0","0.4895833333333333","0.0","0","255","124.84375","407,3624,31,35"
"assets/characters/3221.png","3221-98","0","0,3708,22,61","","22","61","binary","0.5238450074515648","0.0","0.4761549925484352","0.0","0","255","121.41952309985096","0,3708,21,60"
"assets/characters/3221.png","3221-98","1","23,3708,35,64","","35","64","binary","0.7053571428571429","0.0","0.29464285714285715","0.0","0","255","75.13392857142857","23,3708,34,63"
"assets/characters/3221.png","3221-98","2","59,3708,46,69","","46","69","binary","0.7895400126023945","0.0","0.21045998739760555","0.0","0","255","53.667296786389414","59,3708,45,68"
"assets/characters/3221.png","3221-98","3","106,3708,56,66","","56","66","binary","0.8276515151515151","0.0","0.17234848484848486","0.0","0","255","43.94886363636363","106,3708,55,65"
"assets/characters/3221.png","3221-98","4","163,3708,64,61","","64","61","binary","0.8442622950819673","0.0","0.1557377049180328","0.0","0","255","39.71311475409836","163,3708,63,60"
"assets/characters/3221.png","3221-98","5","228,3708,76,66","","76","66","binary","0.8692185007974481","0.0","0.13078149920255183","0.0","0","255","33.34928229665072","228,3708,75,65"
"assets/characters/3221.png","3221-98","6","305,3708,85,59","","85","59","binary","0.8594217347956131","0.0","0.14057826520438685","0.0","0","255","35.847457627118644","305,3708,84,58"
"assets/characters/3221.png","3221-98","7","391,3708,49,43","","49","43","binary","0.6848599905078311","0.0","0.31514000949216897","0.0","0","255","80.36070242050309","391,3708,48,42"
"assets/characters/3221.png","3221-98","8","441,3708,52,34","","52","34","binary","0.6357466063348416","0.0","0.36425339366515835","0.0","0","255","92.88461538461539","441,3708,51,33"
"assets/characters/3221.png","3221-98","9","494,3708,49,32","","49","32","binary","0.5854591836734694","0.0","0.4145408163265306","0.0","0","255","105.7079081632653","494,3708,48,31"
"assets/characters/3221.png","3221-98","10","544,3708,48,30","","48","30","binary","0.5715277777777777","0.0","0.4284722222222222","0.0","0","255","109.26041666666667","544,3708,47,29"
"assets/characters/3221.png","3221-99","0","0,3778,27,54","","27","54","binary","0.47530864197530864","0.0","0.5246913580246914","0.0","0","255","133.7962962962963","0,3778,26,53"
"assets/characters/3221.png","3221-99","1","28,3778,39,55","","39","55","binary","0.6088578088578088","0.0","0.3911421911421911","0.0","0","255","99.74125874125875","28,3778,38,54"
"assets/characters/3221.png","3221-99","2","68,3778,52,52","","52","52","binary","0.6826923076923077","0.0","0.3173076923076923","0.0","0","255","80.91346153846153","68,3778,51,51"
"assets/characters/3221.png","3221-99","3","121,3778,67,44","","67","44","binary","0.7154002713704206","0.0","0.2845997286295794","0.0","0","255","72.57293080054274","121,3778,66,43"
"assets/characters/3221.png","3221-99","4","189,3778,85,42","","85","42","binary","0.7795518207282913","0.0","0.22044817927170868","0.0","0","255","56.214285714285715","189,3778,84,41"
"assets/characters/3221.png","3221-99","5","275,3778,104,42","","104","42","binary","0.8253205128205128","0.0","0.17467948717948717","0.0","0","255","44.54326923076923","275,3778,103,41"
"assets/characters/3221.png","3221-99","6","380,3778,124,33","","124","33","binary","0.8032746823069403","0.0","0.19672531769305962","0.0","0","255","50.164956011730204","380,3778,124,33"
"assets/characters/3221.png","3221-99","7","505,3778,89,28","","89","28","binary","0.7018459069020867","0.0","0.2981540930979133","0.0","0","255","76.0292937399679","505,3778,88,27"
"assets/characters/3221.png","3221-99","8","595,3778,65,21","","65","21","binary","0.504029304029304","0.0","0.495970695970696","0.0","0","255","126.47252747252747","595,3778,64,20"
"assets/characters/3221.png","3221-99","9","661,3778,64,20","","64","20","binary","0.43203125","0.0","0.56796875","0.0","0","255","144.83203125","661,3778,63,19"
"assets/characters/3221.png","3221-99","10","726,3778,63,20","","63","20","binary","0.46111111111111114","0.0","0.5388888888888889","0.0","0","255","137.41666666666666","726,3778,62,19"
"assets/characters/3221.png","3221-100","0","0,3834,28,59","","28","59","binary","0.5121065375302664","0.0","0.48789346246973364","0.0","0","255","124.41283292978208","0,3834,27,58"
"assets/characters/3221.png","3221-100","1","29,3834,32,59","","32","59","binary","0.5709745762711864","0.0","0.4290254237288136","0.0","0","255","109.40148305084746","29,3834,31,58"
"assets/characters/3221.png","3221-100","2","62,3834,42,59","","42","59","binary","0.6650524616626311","0.0","0.33494753833736884","0.0","0","255","85.41162227602905","62,3834,41,58"
"assets/characters/3221.png","3221-100","3","105,3834,54,53","","54","53","binary","0.7278127183787562","0.0","0.2721872816212439","0.0","0","255","69.4077568134172","105,3834,53,52"
"assets/characters/3221.png","3221-100","4","160,3834,65,44","","65","44","binary","0.7496503496503496","0.0","0.25034965034965034","0.0","0","255","63.83916083916084","160,3834,64,43"
"assets/characters/3221.png","3221-100","5","226,3834,79,43","","79","43","binary","0.7995289961730939","0.0","0.20047100382690608","0.0","0","255","51.12010597586105","226,3834,78,42"
"assets/characters/3221.png","3221-100","6","306,3834,96,38","","96","38","binary","0.8352521929824561","0.0","0.16474780701754385","0.0","0","255","42.010690789473685","306,3834,95,37"
"assets/characters/3221.png","3221-100","7","403,3834,63,27","","63","27","binary","0.654320987654321","0.0","0.345679012345679","0.0","0","255","88.14814814814815","403,3834,62,26"
"assets/characters/3221.png","3221-100","8","467,3834,60,29","","60","29","binary","0.6586206896551724","0.0","0.3413793103448276","0.0","0","255","87.05172413793103","467,3834,59,28"
"assets/characters/3221.png","3221-100","9","528,3834,53,31","","53","31","binary","0.6043822276323798","0.0","0.3956177723676202","0.0","0","255","100.88253195374315","528,3834,52,30"
"assets/characters/3221.png","3221-100","10","582,3834,52,31","","52","31","binary","0.6098014888337469","0.0","0.3901985111662531","0.0","0","255","99.50062034739454","582,3834,51,30"
"assets/characters/3221.png","3221-101","0","0,3894,25,60","","25","60","binary","0.5793333333333334","0.0","0.4206666666666667","0.0","0","255","107.27","0,3894,24,59"
"assets/characters/3221.png","3221-101","1","26,3894,25,61","","25","61","binary","0.580327868852459","0.0","0.419672131147541","0.0","0","255","107.01639344262296","26,3894,24,60"
"assets/characters/3221.png","3221-101","2","52,3894,25,62","","25","62","binary","0.5987096774193549","0.0","0.4012903225806452","0.0","0","255","102.32903225806452","52,3894,24,61"
"assets/characters/3221.png","3221-101","3","78,3894,27,58","","27","58","binary","0.6123882503192848","0.0","0.3876117496807152","0.0","0","255","98.84099616858238","78,3894,26,57"
"assets/characters/3221.png","3221-101","4","106,3894,31,51","","31","51","binary","0.6072106261859582","0.0","0.3927893738140417","0.0","0","255","100.16129032258064","106,3894,30,50"
"assets/characters/3221.png","3221-101","5","138,3894,28,57","","28","57","binary","0.6390977443609023","0.0","0.3609022556390977","0.0","0","255","92.03007518796993","138,3894,27,56"
"assets/characters/3221.png","3221-101","6","167,3894,27,60","","27","60","binary","0.7197530864197531","0.0","0.2802469135802469","0.0","0","255","71.46296296296296","167,3894,26,59"
"assets/characters/3221.png","3221-101","7","195,3894,27,37","","27","37","binary","0.4854854854854855","0.0","0.5145145145145145","0.0","0","255","131.2012012012012","195,3894,26,36"
"assets/characters/3221.png","3221-101","8","223,3894,30,36","","30","36","binary","0.48148148148148145","0.0","0.5185185185185185","0.0","0","255","132.22222222222223","223,3894,29,35"
"assets/characters/3221.png","3221-101","9","254,3894,31,38","","31","38","binary","0.499151103565365","0.0","0.5008488964346349","0.0","0","255","127.71646859083192","254,3894,30,37"
"assets/characters/3221.png","3221-101","10","286,3894,32,38","","32","38","binary","0.5353618421052632","0.0","0.46463815789473684","0.0","0","255","118.48273026315789","286,3894,31,37"
"assets/characters/3221.png","3221-102","0","0,3957,21,56","","21","56","binary","0.4387755102040816","0.0","0.5612244897959183","0.0","0","255","143.1122448979592","0,3957,20,55"
"assets/characters/3221.png","3221-102","1","22,3957,33,58","","33","58","binary","0.6295715778474399","0.0","0.3704284221525601","0.0","0","255","94.45924764890282","22,3957,32,57"
"assets/characters/3221.png","3221-102","2","56,3957,43,59","","43","59","binary","0.7110760741032716","0.0","0.28892392589672844","0.0","0","255","73.67560110366574","56,3957,42,58"
"assets/characters/3221.png","3221-102","3","100,3957,56,57","","56","57","binary","0.7734962406015038","0.0","0.22650375939849623","0.0","0","255","57.75845864661654","100,3957,55,56"
"assets/characters/3221.png","3221-102","4","157,3957,68,51","","68","51","binary","0.8065167243367936","0.0","0.19348327566320647","0.0","0","255","49.338235294117645","157,3957,67,50"
"assets/characters/3221.png","3221-102","5","226,3957,83,55","","83","55","binary","0.8440306681270536","0.0","0.15596933187294634","0.0","0","255","39.77217962760131","226,3957,82,54"
"assets/characters/3221.png","3221-102","6","310,3957,98,54","","98","54","binary","0.8514739229024944","0.0","0.14852607709750568","0.0","0","255","37.874149659863946","310,3957,97,53"
"assets/characters/3221.png","3221-102","7","409,3957,55,36","","55","36","binary","0.5974747474747475","0.0","0.4025252525252525","0.0","0","255","102.64393939393939","409,3957,54,35"
"assets/characters/3221.png","3221-102","8","465,3957,54,34","","54","34","binary","0.6127450980392157","0.0","0.3872549019607843","0.0","0","255","98.75","465,3957,53,33"
"assets/characters/3221.png","3221-102","9","520,3957,49,32","","49","32","binary","0.5510204081632653","0.0","0.4489795918367347","0.0","0","255","114.48979591836735","520,3957,48,31"
"assets/characters/3221.png","3221-102","10","570,3957,48,33","","48","33","binary","0.5934343434343434","0.0","0.4065656565656566","0.0","0","255","103.67424242424242","570,3957,47,32"
"assets/characters/3221.png","3221-103","0","0,4017,27,52","","27","52","binary","0.5149572649572649","0.0","0.48504273504273504","0.0","0","255","123.68589743589743","0,4017,26,51"
"assets/characters/3221.png","3221-103","1","28,4017,42,54","","42","54","binary","0.6688712522045855","0.0","0.33112874779541446","0.0","0","255","84.43783068783068","28,4017,41,53"
"assets/characters/3221.png","3221-103","2","71,4017,58,54","","58","54","binary","0.7327586206896551","0.0","0.2672413793103448","0.0","0","255","68.14655172413794","71,4017,57,53"
"assets/characters/3221.png","3221-103","3","130,4017,74,51","","74","51","binary","0.7774244833068362","0.0","0.22257551669316375","0.0","0","255","56.75675675675676","130,4017,73,50"
"assets/characters/3221.png","3221-103","4","205,4017,92,44","","92","44","binary","0.8063241106719368","0.0","0.19367588932806323","0.0","0","255","49.387351778656125","205,4017,91,43"
"assets/characters/3221.png","3221-103","5","298,4017,111,40","","111","40","binary","0.8022522522522523","0.0","0.19774774774774775","0.0","0","255","50.42567567567568","298,4017,110,39"
"assets/characters/3221.png","3221-103","6","410,4017,133,34","","133","34","binary","0.7868199911543565","0.0","0.21318000884564353","0.0","0","255","54.3609022556391","410,4017,132,33"
"assets/characters/3221.png","3221-103","7","544,4017,64,32","","64","32","binary","0.54052734375","0.0","0.45947265625","0.0","0","255","117.16552734375","544,4017,63,31"
"assets/characters/3221.png","3221-103","8","609,4017,64,24","","64","24","binary","0.4772135416666667","0.0","0.5227864583333334","0.0","0","255","133.310546875","609,4017,63,23"
"assets/characters/3221.png","3221-103","9","674,4017,64,21","","64","21","binary","0.4427083333333333","0.0","0.5572916666666666","0.0","0","255","142.109375","674,4017,63,20"
"assets/characters/3221.png","3221-103","10","739,4017,63,19","","63","19","binary","0.41353383458646614","0.0","0.5864661654135338","0.0","0","255","149.54887218045113","739,4017,62,18"
"assets/characters/3221.png","3221-104","0","0,4072,67,59","","67","59","binary","0.7733367062990134","0.0","0.2266632937009866","0.0","0","255","57.79913989375158","0,4072,66,58"
"assets/characters/3221.png","3221-104","1","68,4072,68,58","","68","58","binary","0.7971602434077079","0.0","0.2028397565922921","0.0","0","255","51.724137931034484","68,4072,67,57"
"assets/characters/3221.png","3221-104","2","137,4072,67,58","","67","58","binary","0.7959341224909933","0.0","0.2040658775090067","0.0","0","255","52.03679876479671","137,4072,66,57"
"assets/characters/3221.png","3221-104","3","205,4072,67,59","","67","59","binary","0.7981280040475588","0.0","0.20187199595244118","0.0","0","255","51.477358967872505","205,4072,66,58"
"assets/characters/3221.png","3221-104","4","273,4072,66,60","","66","60","binary","0.7987373737373737","0.0","0.20126262626262625","0.0","0","255","51.321969696969695","273,4072,65,59"
"assets/characters/3221.png","3221-104","5","340,4072,67,59","","67","59","binary","0.7993928661775866","0.0","0.20060713382241335","0.0","0","255","51.15481912471541","340,4072,66,58"
"assets/characters/3221.png","3221-104","6","408,4072,66,58","","66","58","binary","0.7933646812957158","0.0","0.20663531870428423","0.0","0","255","52.692006269592476","408,4072,65,57"
"assets/characters/3221.png","3221-104","7","475,4072,67,58","","67","58","binary","0.7794647452393206","0.0","0.22053525476067937","0.0","0","255","56.236489963973234","475,4072,66,57"
"assets/characters/3221.png","3221-105","0","0,4133,44,61","","44","61","binary","0.7399403874813711","0.0","0.2600596125186289","0.0","0","255","66.31520119225037","0,4133,43,60"
"assets/characters/3221.png","3221-105","1","45,4133,42,60","","42","60","binary","0.7281746031746031","0.0","0.2718253968253968","0.0","0","255","69.31547619047619","45,4133,41,59"
"assets/characters/3221.png","3221-105","2","88,4133,41,58","","41","58","binary","0.7182506307821699","0.0","0.2817493692178301","0.0","0","255","71.84608915054667","88,4133,40,57"
"assets/characters/3221.png","3221-105","3","130,4133,40,60","","40","60","binary","0.7241666666666666","0.0","0.2758333333333333","0.0","0","255","70.3375","130,4133,39,59"
"assets/characters/3221.png","3221-105","4","171,4133,38,61","","38","61","binary","0.7152717860224331","0.0","0.28472821397756687","0.0","0","255","72.60569456427955","171,4133,37,60"
"assets/characters/3221.png","3221-105","5","210,4133,39,60","","39","60","binary","0.714957264957265","0.0","0.28504273504273503","0.0","0","255","72.68589743589743","210,4133,38,59"
"assets/characters/3221.png","3221-105","6","250,4133,40,58","","40","58","binary","0.7077586206896552","0.0","0.29224137931034483","0.0","0","255","74.52155172413794","250,4133,39,57"
"assets/characters/3221.png","3221-105","7","291,4133,42,60","","42","60","binary","0.7333333333333333","0.0","0.26666666666666666","0.0","0","255","68.0","291,4133,41,59"
"assets/characters/3221.png","3221-106","0","0,4195,21,61","","21","61","binary","0.4746291959406714","0.0","0.5253708040593287","0.0","0","255","133.9695550351288","0,4195,20,60"
"assets/characters/3221.png","3221-106","1","22,4195,20,59","","20","59","binary","0.47203389830508474","0.0","0.5279661016949152","0.0","0","255","134.63135593220338","22,4195,19,58"
"assets/characters/3221.png","3221-106","2","43,4195,20,58","","20","58","binary","0.46206896551724136","0.0","0.5379310344827586","0.0","0","255","137.17241379310346","43,4195,19,57"
"assets/characters/3221.png","3221-106","3","64,4195,21,58","","21","58","binary","0.43924466338259444","0.0","0.5607553366174056","0.0","0","255","142.99261083743843","64,4195,20,57"
"assets/characters/3221.png","3221-106","4","86,4195,25,59","","25","59","binary","0.5193220338983051","0.0","0.48067796610169494","0.0","0","255","122.5728813559322","86,4195,24,58"
"assets/characters/3221.png","3221-106","5","112,4195,23,58","","23","58","binary","0.525487256371814","0.0","0.4745127436281859","0.0","0","255","121.00074962518741","112,4195,22,57"
"assets/characters/3221.png","3221-106","6","136,4195,20,58","","20","58","binary","0.49482758620689654","0.0","0.5051724137931034","0.0","0","255","128.81896551724137","136,4195,19,57"
"assets/characters/3221.png","3221-106","7","157,4195,17,59","","17","59","binary","0.38384845463609174","0.0","0.6161515453639083","0.0","0","255","157.11864406779662","157,4195,16,58"
"assets/characters/3221.png","3221-107","0","0,4257,53,57","","53","57","binary","0.7103608076795763","0.0","0.2896391923204237","0.0","0","255","73.85799404170804","0,4257,52,56"
"assets/characters/3221.png","3221-107","1","54,4257,54,56","","54","56","binary","0.7526455026455027","0.0","0.24735449735449735","0.0","0","255","63.07539682539682","54,4257,53,55"
"assets/characters/3221.png","3221-107","2","109,4257,55,56","","55","56","binary","0.7503246753246753","0.0","0.2496753246753247","0.0","0","255","63.66720779220779","109,4257,54,55"
"assets/characters/3221.png","3221-107","3","165,4257,55,56","","55","56","binary","0.7275974025974026","0.0","0.2724025974025974","0.0","0","255","69.46266233766234","165,4257,54,55"
"assets/characters/3221.png","3221-107","4","221,4257,56,57","","56","57","binary","0.7189849624060151","0.0","0.28101503759398494","0.0","0","255","71.65883458646617","221,4257,55,56"
"assets/characters/3221.png","3221-107","5","278,4257,55,57","","55","57","binary","0.7435406698564593","0.0","0.25645933014354066","0.0","0","255","65.39712918660287","278,4257,54,56"
"assets/characters/3221.png","3221-107","6","334,4257,55,57","","55","57","binary","0.7511961722488039","0.0","0.24880382775119617","0.0","0","255","63.44497607655502","334,4257,54,56"
"assets/characters/3221.png","3221-107","7","390,4257,54,57","","54","57","binary","0.7342430149447693","0.0","0.26575698505523065","0.0","0","255","67.76803118908381","390,4257,53,56"
"assets/characters/3221.png","3221-108","0","0,4315,67,59","","67","59","binary","0.7647356438148242","0.0","0.23526435618517583","0.0","0","255","59.992410827219835","0,4315,66,58"
"assets/characters/3221.png","3221-108","1","68,4315,67,57","","67","57","binary","0.7813563760146636","0.0","0.2186436239853365","0.0","0","255","55.754124116260805","68,4315,66,56"
"assets/characters/3221.png","3221-108","2","136,4315,67,56","","67","56","binary","0.7777185501066098","0.0","0.2222814498933902","0.0","0","255","56.6817697228145","136,4315,66,55"
"assets/characters/3221.png","3221-108","3","204,4315,67,58","","67","58","binary","0.7807514153371076","0.0","0.21924858466289243","0.0","0","255","55.90838908903757","204,4315,66,57"
"assets/characters/3221.png","3221-108","4","272,4315,66,61","","66","61","binary","0.7811723795330353","0.0","0.21882762046696472","0.0","0","255","55.80104321907601","272,4315,65,60"
"assets/characters/3221.png","3221-108","5","339,4315,66,58","","66","58","binary","0.7776907001044933","0.0","0.2223092998955068","0.0","0","255","56.68887147335423","339,4315,65,57"
"assets/characters/3221.png","3221-108","6","406,4315,67,57","","67","57","binary","0.7795234354543074","0.0","0.2204765645456926","0.0","0","255","56.22152395915161","406,4315,66,56"
"assets/characters/3221.png","3221-108","7","474,4315,67,57","","67","57","binary","0.7674783974862529","0.0","0.23252160251374707","0.0","0","255","59.2930086410055","474,4315,66,56"
"assets/characters/3221.png","3221-109","0","0,4377,44,61","","44","61","binary","0.7507451564828614","0.0","0.24925484351713859","0.0","0","255","63.55998509687034","0,4377,43,60"
"assets/characters/3221.png","3221-109","1","45,4377,42,58","","42","58","binary","0.7319376026272578","0.0","0.2680623973727422","0.0","0","255","68.35591133004927","45,4377,41,57"
"assets/characters/3221.png","3221-109","2","88,4377,41,57","","41","57","binary","0.7201540436456996","0.0","0.2798459563543004","0.0","0","255","71.3607188703466","88,4377,40,56"
"assets/characters/3221.png","3221-109","3","130,4377,40,58","","40","58","binary","0.7116379310344828","0.0","0.28836206896551725","0.0","0","255","73.53232758620689","130,4377,39,57"
"assets/characters/3221.png","3221-109","4","171,4377,38,61","","38","61","binary","0.7066436583261432","0.0","0.29335634167385677","0.0","0","255","74.80586712683348","171,4377,37,60"
"assets/characters/3221.png","3221-109","5","210,4377,39,58","","39","58","binary","0.7073386383731212","0.0","0.2926613616268789","0.0","0","255","74.62864721485411","210,4377,38,57"
"assets/characters/3221.png","3221-109","6","250,4377,40,57","","40","57","binary","0.7052631578947368","0.0","0.29473684210526313","0.0","0","255","75.15789473684211","250,4377,39,56"
"assets/characters/3221.png","3221-109","7","291,4377,42,58","","42","58","binary","0.7253694581280788","0.0","0.2746305418719212","0.0","0","255","70.0307881773399","291,4377,41,57"
"assets/characters/3221.png","3221-110","0","0,4439,21,60","","21","60","binary","0.5261904761904762","0.0","0.4738095238095238","0.0","0","255","120.82142857142857","0,4439,20,59"
"assets/characters/3221.png","3221-110","1","22,4439,20,58","","20","58","binary","0.5025862068965518","0.0","0.4974137931034483","0.0","0","255","126.84051724137932","22,4439,19,57"
"assets/characters/3221.png","3221-110","2","43,4439,20,57","","20","57","binary","0.493859649122807","0.0","0.506140350877193","0.0","0","255","129.06578947368422","43,4439,19,56"
"assets/characters/3221.png","3221-110","3","64,4439,21,57","","21","57","binary","0.47451963241436923","0.0","0.5254803675856308","0.0","0","255","133.99749373433585","64,4439,20,56"
"assets/characters/3221.png","3221-110","4","86,4439,25,58","","25","58","binary","0.5441379310344827","0.0","0.45586206896551723","0.0","0","255","116.2448275862069","86,4439,24,57"
"assets/characters/3221.png","3221-110","5","112,4439,23,57","","23","57","binary","0.551487414187643","0.0","0.448512585812357","0.0","0","255","114.37070938215103","112,4439,22,56"
"assets/characters/3221.png","3221-110","6","136,4439,20,56","","20","56","binary","0.5116071428571428","0.0","0.48839285714285713","0.0","0","255","124.54017857142857","136,4439,19,55"
"assets/characters/3221.png","3221-110","7","157,4439,17,58","","17","58","binary","0.42697768762677485","0.0","0.5730223123732252","0.0","0","255","146.1206896551724","157,4439,16,57"
"assets/characters/3221.png","3221-111","0","0,4500,53,57","","53","57","binary","0.7222773915921881","0.0","0.277722608407812","0.0","0","255","70.81926514399206","0,4500,52,56"
"assets/characters/3221.png","3221-111","1","54,4500,54,57","","54","57","binary","0.7638076673164392","0.0","0.23619233268356074","0.0","0","255","60.22904483430799","54,4500,53,56"
"assets/characters/3221.png","3221-111","2","109,4500,55,57","","55","57","binary","0.7636363636363637","0.0","0.23636363636363636","0.0","0","255","60.27272727272727","109,4500,54,56"
"assets/characters/3221.png","3221-111","3","165,4500,55,57","","55","57","binary","0.7467304625199362","0.0","0.2532695374800638","0.0","0","255","64.58373205741627","165,4500,54,56"
"assets/characters/3221.png","3221-111","4","221,4500,56,57","","56","57","binary","0.7446741854636592","0.0","0.25532581453634084","0.0","0","255","65.10808270676692","221,4500,55,56"
"assets/characters/3221.png","3221-111","5","278,4500,55,57","","55","57","binary","0.7639553429027113","0.0","0.23604465709728867","0.0","0","255","60.19138755980861","278,4500,54,56"
"assets/characters/3221.png","3221-111","6","334,4500,55,56","","55","56","binary","0.763961038961039","0.0","0.23603896103896105","0.0","0","255","60.189935064935064","334,4500,54,55"
"assets/characters/3221.png","3221-111","7","390,4500,54,56","","54","56","binary","0.7404100529100529","0.0","0.2595899470899471","0.0","0","255","66.1954365079365","390,4500,53,55"
"assets/characters/3221.png","3221-112","0","0,4558,67,58","","67","58","binary","0.7822954194544519","0.0","0.21770458054554812","0.0","0","255","55.514668039114774","0,4558,66,57"
"assets/characters/3221.png","3221-112","1","68,4558,67,58","","67","58","binary","0.783067421513124","0.0","0.21693257848687597","0.0","0","255","55.31780751415337","68,4558,66,57"
"assets/characters/3221.png","3221-112","2","136,4558,67,58","","67","58","binary","0.7820380854348945","0.0","0.2179619145651055","0.0","0","255","55.580288214101905","136,4558,66,57"
"assets/characters/3221.png","3221-112","3","204,4558,67,58","","67","58","binary","0.783067421513124","0.0","0.21693257848687597","0.0","0","255","55.31780751415337","204,4558,66,57"
"assets/characters/3221.png","3221-112","4","272,4558,67,58","","67","58","binary","0.7835820895522388","0.0","0.21641791044776118","0.0","0","255","55.1865671641791","272,4558,66,57"
"assets/characters/3221.png","3221-112","5","340,4558,67,58","","67","58","binary","0.783067421513124","0.0","0.21693257848687597","0.0","0","255","55.31780751415337","340,4558,66,57"
"assets/characters/3221.png","3221-112","6","408,4558,67,58","","67","58","binary","0.7820380854348945","0.0","0.2179619145651055","0.0","0","255","55.580288214101905","408,4558,66,57"
"assets/characters/3221.png","3221-112","7","476,4558,67,58","","67","58","binary","0.783067421513124","0.0","0.21693257848687597","0.0","0","255","55.31780751415337","476,4558,66,57"
"assets/characters/3221.png","3221-113","0","0,4617,41,59","","41","59","binary","0.6924348904505995","0.0","0.3075651095494006","0.0","0","255","78.42910293509715","0,4617,40,58"
"assets/characters/3221.png","3221-113","1","42,4617,41,59","","41","59","binary","0.6920214964861513","0.0","0.3079785035138487","0.0","0","255","78.53451839603142","42,4617,40,58"
"assets/characters/3221.png","3221-113","2","84,4617,41,59","","41","59","binary","0.6920214964861513","0.0","0.3079785035138487","0.0","0","255","78.53451839603142","84,4617,40,58"
"assets/characters/3221.png","3221-113","3","126,4617,41,59","","41","59","binary","0.6936750723439438","0.0","0.30632492765605623","0.0","0","255","78.11285655229433","126,4617,40,58"
"assets/characters/3221.png","3221-113","4","168,4617,41,58","","41","58","binary","0.6900756938603869","0.0","0.30992430613961314","0.0","0","255","79.03069806560134","168,4617,40,57"
"assets/characters/3221.png","3221-113","5","210,4617,41,59","","41","59","binary","0.6936750723439438","0.0","0.30632492765605623","0.0","0","255","78.11285655229433","210,4617,40,58"
"assets/characters/3221.png","3221-113","6","252,4617,41,59","","41","59","binary","0.6920214964861513","0.0","0.3079785035138487","0.0","0","255","78.53451839603142","252,4617,40,58"
"assets/characters/3221.png","3221-113","7","294,4617,41,59","","41","59","binary","0.6920214964861513","0.0","0.3079785035138487","0.0","0","255","78.53451839603142","294,4617,40,58"
"assets/characters/3221.png","3221-114","0","0,4677,17,59","","17","59","binary","0.45164506480558325","0.0","0.5483549351944168","0.0","0","255","139.83050847457628","0,4677,16,58"
"assets/characters/3221.png","3221-114","1","18,4677,16,59","","16","59","binary","0.4194915254237288","0.0","0.5805084745762712","0.0","0","255","148.02966101694915","18,4677,15,58"
"assets/characters/3221.png","3221-114","2","35,4677,17,59","","17","59","binary","0.44666001994017945","0.0","0.5533399800598205","0.0","0","255","141.10169491525423","35,4677,16,58"
"assets/characters/3221.png","3221-114","3","53,4677,17,59","","17","59","binary","0.44167497507477566","0.0","0.5583250249252243","0.0","0","255","142.3728813559322","53,4677,16,58"
"assets/characters/3221.png","3221-114","4","71,4677,17,59","","17","59","binary","0.44167497507477566","0.0","0.5583250249252243","0.0","0","255","142.3728813559322","71,4677,16,58"
"assets/characters/3221.png","3221-114","5","89,4677,17,59","","17","59","binary","0.44167497507477566","0.0","0.5583250249252243","0.0","0","255","142.3728813559322","89,4677,16,58"
"assets/characters/3221.png","3221-114","6","107,4677,17,59","","17","59","binary","0.44666001994017945","0.0","0.5533399800598205","0.0","0","255","141.10169491525423","107,4677,16,58"
"assets/characters/3221.png","3221-114","7","125,4677,16,59","","16","59","binary","0.4194915254237288","0.0","0.5805084745762712","0.0","0","255","148.02966101694915","125,4677,15,58"
"assets/characters/3221.png","3221-115","0","0,4737,55,58","","55","58","binary","0.7677115987460815","0.0","0.2322884012539185","0.0","0","255","59.23354231974922","0,4737,54,57"
"assets/characters/3221.png","3221-115","1","56,4737,55,58","","55","58","binary","0.7664576802507836","0.0","0.2335423197492163","0.0","0","255","59.55329153605015","56,4737,54,57"
"assets/characters/3221.png","3221-115","2","112,4737,55,58","","55","58","binary","0.7655172413793103","0.0","0.23448275862068965","0.0","0","255","59.793103448275865","112,4737,54,57"
"assets/characters/3221.png","3221-115","3","168,4737,55,58","","55","58","binary","0.764576802507837","0.0","0.235423197492163","0.0","0","255","60.03291536050157","168,4737,54,57"
"assets/characters/3221.png","3221-115","4","224,4737,56,58","","56","58","binary","0.7660098522167488","0.0","0.23399014778325122","0.0","0","255","59.66748768472906","224,4737,55,57"
"assets/characters/3221.png","3221-115","5","281,4737,55,58","","55","58","binary","0.764576802507837","0.0","0.235423197492163","0.0","0","255","60.03291536050157","281,4737,54,57"
"assets/characters/3221.png","3221-115","6","337,4737,55,58","","55","58","binary","0.7655172413793103","0.0","0.23448275862068965","0.0","0","255","59.793103448275865","337,4737,54,57"
"assets/characters/3221.png","3221-115","7","393,4737,55,58","","55","58","binary","0.7664576802507836","0.0","0.2335423197492163","0.0","0","255","59.55329153605015","393,4737,54,57"
"assets/characters/3221.png","3221-116","0","0,4796,67,58","","67","58","binary","0.7771487390633042","0.0","0.22285126093669583","0.0","0","255","56.82707153885744","0,4796,66,57"
"assets/characters/3221.png","3221-116","1","68,4796,67,58","","67","58","binary","0.777663407102419","0.0","0.22233659289758106","0.0","0","255","56.69583118888317","68,4796,66,57"
"assets/characters/3221.png","3221-116","2","136,4796,67,58","","67","58","binary","0.7779207411219763","0.0","0.22207925887802368","0.0","0","255","56.63021101389604","136,4796,66,57"
"assets/characters/3221.png","3221-116","3","204,4796,67,57","","67","57","binary","0.7748101597276774","0.0","0.2251898402723226","0.0","0","255","57.42340926944226","204,4796,66,56"
"assets/characters/3221.png","3221-116","4","272,4796,67,57","","67","57","binary","0.7750720083791568","0.0","0.22492799162084315","0.0","0","255","57.356637863315","272,4796,66,56"
"assets/characters/3221.png","3221-116","5","340,4796,67,57","","67","57","binary","0.7748101597276774","0.0","0.2251898402723226","0.0","0","255","57.42340926944226","340,4796,66,56"
"assets/characters/3221.png","3221-116","6","408,4796,67,58","","67","58","binary","0.7779207411219763","0.0","0.22207925887802368","0.0","0","255","56.63021101389604","408,4796,66,57"
"assets/characters/3221.png","3221-116","7","476,4796,67,58","","67","58","binary","0.777663407102419","0.0","0.22233659289758106","0.0","0","255","56.69583118888317","476,4796,66,57"
"assets/characters/3221.png","3221-117","0","0,4855,41,60","","41","60","binary","0.7073170731707317","0.0","0.2926829268292683","0.0","0","255","74.63414634146342","0,4855,40,59"
"assets/characters/3221.png","3221-117","1","42,4855,41,60","","41","60","binary","0.7085365853658536","0.0","0.2914634146341463","0.0","0","255","74.32317073170732","42,4855,40,59"
"assets/characters/3221.png","3221-117","2","84,4855,40,60","","40","60","binary","0.70125","0.0","0.29875","0.0","0","255","76.18125","84,4855,39,59"
"assets/characters/3221.png","3221-117","3","125,4855,41,59","","41","59","binary","0.7060768912773874","0.0","0.2939231087226126","0.0","0","255","74.95039272426622","125,4855,40,58"
"assets/characters/3221.png","3221-117","4","167,4855,41,59","","41","59","binary","0.7081438610996279","0.0","0.29185613890037204","0.0","0","255","74.42331541959487","167,4855,40,58"
"assets/characters/3221.png","3221-117","5","209,4855,41,59","","41","59","binary","0.7060768912773874","0.0","0.2939231087226126","0.0","0","255","74.95039272426622","209,4855,40,58"
"assets/characters/3221.png","3221-117","6","251,4855,40,60","","40","60","binary","0.70125","0.0","0.29875","0.0","0","255","76.18125","251,4855,39,59"
"assets/characters/3221.png","3221-117","7","292,4855,41,60","","41","60","binary","0.7085365853658536","0.0","0.2914634146341463","0.0","0","255","74.32317073170732","292,4855,40,59"
"assets/characters/3221.png","3221-118","0","0,4916,17,59","","17","59","binary","0.47756729810568294","0.0","0.522432701894317","0.0","0","255","133.22033898305085","0,4916,16,58"
"assets/characters/3221.png","3221-118","1","18,4916,16,59","","16","59","binary","0.4449152542372881","0.0","0.5550847457627118","0.0","0","255","141.54661016949152","18,4916,15,58"
"assets/characters/3221.png","3221-118","2","35,4916,17,59","","17","59","binary","0.4785643070787637","0.0","0.5214356929212363","0.0","0","255","132.96610169491527","35,4916,16,58"
"assets/characters/3221.png","3221-118","3","53,4916,17,59","","17","59","binary","0.47557328015952144","0.0","0.5244267198404786","0.0","0","255","133.72881355932202","53,4916,16,58"
"assets/characters/3221.png","3221-118","4","71,4916,17,59","","17","59","binary","0.47557328015952144","0.0","0.5244267198404786","0.0","0","255","133.72881355932202","71,4916,16,58"
"assets/characters/3221.png","3221-118","5","89,4916,17,59","","17","59","binary","0.47557328015952144","0.0","0.5244267198404786","0.0","0","255","133.72881355932202","89,4916,16,58"
"assets/characters/3221.png","3221-118","6","107,4916,17,59","","17","59","binary","0.4785643070787637","0.0","0.5214356929212363","0.0","0","255","132.96610169491527","107,4916,16,58"
"assets/characters/3221.png","3221-118","7","125,4916,16,59","","16","59","binary","0.4449152542372881","0.0","0.5550847457627118","0.0","0","255","141.54661016949152","125,4916,15,58"
"assets/characters/3221.png","3221-119","0","0,4976,55,59","","55","59","binary","0.7762711864406779","0.0","0.22372881355932203","0.0","0","255","57.05084745762712","0,4976,54,58"
"assets/characters/3221.png","3221-119","1","56,4976,55,59","","55","59","binary","0.7768875192604006","0.0","0.22311248073959938","0.0","0","255","56.89368258859784","56,4976,54,58"
"assets/characters/3221.png","3221-119","2","112,4976,55,59","","55","59","binary","0.7768875192604006","0.0","0.22311248073959938","0.0","0","255","56.89368258859784","112,4976,54,58"
"assets/characters/3221.png","3221-119","3","168,4976,55,59","","55","59","binary","0.7781201848998459","0.0","0.2218798151001541","0.0","0","255","56.579352850539294","168,4976,54,58"
"assets/characters/3221.png","3221-119","4","224,4976,55,59","","55","59","binary","0.7759630200308166","0.0","0.22403697996918337","0.0","0","255","57.12942989214176","224,4976,54,58"
"assets/characters/3221.png","3221-119","5","280,4976,55,59","","55","59","binary","0.7781201848998459","0.0","0.2218798151001541","0.0","0","255","56.579352850539294","280,4976,54,58"
"assets/characters/3221.png","3221-119","6","336,4976,55,59","","55","59","binary","0.7768875192604006","0.0","0.22311248073959938","0.0","0","255","56.89368258859784","336,4976,54,58"
"assets/characters/3221.png","3221-119","7","392,4976,55,59","","55","59","binary","0.7768875192604006","0.0","0.22311248073959938","0.0","0","255","56.89368258859784","392,4976,54,58"
"assets/characters/3221.png","3221-120","0","0,5036,57,56","","57","56","binary","0.6873433583959899","0.0","0.31265664160401","0.0","0","255","79.72744360902256","0,5036,56,55"
"assets/characters/3221.png","3221-120","1","58,5036,48,58","","48","58","binary","0.6641522988505747","0.0","0.3358477011494253","0.0","0","255","85.64116379310344","58,5036,47,57"
"assets/characters/3221.png","3221-120","2","107,5036,43,59","","43","59","binary","0.6093811588490343","0.0","0.39061884115096573","0.0","0","255","99.60780449349626","107,5036,42,58"
"assets/characters/3221.png","3221-120","3","151,5036,33,56","","33","56","binary","0.5281385281385281","0.0","0.47186147186147187","0.0","0","255","120.32467532467533","151,5036,32,55"
"assets/characters/3221.png","3221-120","4","185,5036,59,65","","59","65","binary","0.7486310299869622","0.0","0.2513689700130378","0.0","0","255","64.09908735332463","185,5036,58,64"
"assets/characters/3221.png","3221-120","5","245,5036,64,52","","64","52","binary","0.7283653846153846","0.0","0.27163461538461536","0.0","0","255","69.26682692307692","245,5036,63,51"
"assets/characters/3221.png","3221-120","6","310,5036,44,58","","44","58","binary","0.658307210031348","0.0","0.34169278996865204","0.0","0","255","87.13166144200628","310,5036,43,57"
"assets/characters/3221.png","3221-120","7","355,5036,44,59","","44","59","binary","0.6309707241910631","0.0","0.36902927580893685","0.0","0","255","94.10246533127889","355,5036,43,58"
"assets/characters/3221.png","3221-121","0","0,5102,27,62","","27","62","binary","0.5101553166069295","0.0","0.48984468339307047","0.0","0","255","124.91039426523298","0,5102,26,61"
"assets/characters/3221.png","3221-121","1","28,5102,22,61","","22","61","binary","0.3740685543964232","0.0","0.6259314456035767","0.0","0","255","159.61251862891208","28,5102,21,60"
"assets/characters/3221.png","3221-121","2","51,5102,27,61","","27","61","binary","0.5361262902246509","0.0","0.46387370977534914","0.0","0","255","118.28779599271402","51,5102,26,60"
"assets/characters/3221.png","3221-121","3","79,5102,47,59","","47","59","binary","0.7046520014424811","0.0","0.2953479985575189","0.0","0","255","75.31373963216733","79,5102,46,58"
"assets/characters/3221.png","3221-121","4","127,5102,34,64","","34","64","binary","0.6387867647058824","0.0","0.36121323529411764","0.0","0","255","92.109375","127,5102,33,63"
"assets/characters/3221.png","3221-121","5","162,5102,23,63","","23","63","binary","0.5320910973084886","0.0","0.46790890269151136","0.0","0","255","119.3167701863354","162,5102,22,62"
"assets/characters/3221.png","3221-121","6","186,5102,28,65","","28","65","binary","0.5752747252747252","0.0","0.4247252747252747","0.0","0","255","108.30494505494505","186,5102,27,64"
"assets/characters/3221.png","3221-121","7","215,5102,68,64","","68","64","binary","0.7922794117647058","0.0","0.20772058823529413","0.0","0","255","52.96875","215,5102,67,63"
"assets/characters/3221.png","3221-122","0","0,5168,33,64","","33","64","binary","0.6496212121212122","0.0","0.3503787878787879","0.0","0","255","89.3465909090909","0,5168,32,63"
"assets/characters/3221.png","3221-122","1","34,5168,47,62","","47","62","binary","0.7168840082361015","0.0","0.2831159917638984","0.0","0","255","72.1945778997941","34,5168,46,61"
"assets/characters/3221.png","3221-122","2","82,5168,58,62","","58","62","binary","0.746384872080089","0.0","0.25361512791991103","0.0","0","255","64.67185761957731","82,5168,57,61"
"assets/characters/3221.png","3221-122","3","141,5168,65,62","","65","62","binary","0.7853598014888338","0.0","0.21464019851116625","0.0","0","255","54.73325062034739","141,5168,64,61"
"assets/characters/3221.png","3221-122","4","207,5168,25,66","","25","66","binary","0.5696969696969697","0.0","0.4303030303030303","0.0","0","255","109.72727272727273","207,5168,24,65"
"assets/characters/3221.png","3221-122","5","233,5168,40,62","","40","62","binary","0.6709677419354839","0.0","0.32903225806451614","0.0","0","255","83.90322580645162","233,5168,39,61"
"assets/characters/3221.png","3221-122","6","274,5168,56,65","","56","65","binary","0.7543956043956044","0.0","0.2456043956043956","0.0","0","255","62.629120879120876","274,5168,55,64"
"assets/characters/3221.png","3221-122","7","331,5168,53,65","","53","65","binary","0.7462989840348331","0.0","0.2537010159651669","0.0","0","255","64.69375907111757","331,5168,52,64"
"assets/characters/3221.png","3221-123","0","0,5235,62,60","","62","60","binary","0.7163978494623656","0.0","0.28360215053763443","0.0","0","255","72.31854838709677","0,5235,61,59"
"assets/characters/3221.png","3221-123","1","63,5235,61,59","","61","59","binary","0.6996387885523757","0.0","0.30036121144762434","0.0","0","255","76.59210891914421","63,5235,60,58"
"assets/characters/3221.png","3221-123","2","125,5235,61,60","","61","60","binary","0.7224043715846995","0.0","0.27759562841530055","0.0","0","255","70.78688524590164","125,5235,60,59"
"assets/characters/3221.png","3221-123","3","187,5235,60,59","","60","59","binary","0.7237288135593221","0.0","0.27627118644067794","0.0","0","255","70.44915254237289","187,5235,59,58"
"assets/characters/3221.png","3221-123","4","248,5235,57,60","","57","60","binary","0.7108187134502923","0.0","0.2891812865497076","0.0","0","255","73.74122807017544","248,5235,56,59"
"assets/characters/3221.png","3221-123","5","306,5235,71,56","","71","56","binary","0.7379275653923542","0.0","0.2620724346076459","0.0","0","255","66.8284708249497","306,5235,70,55"
"assets/characters/3221.png","3221-123","6","378,5235,66,56","","66","56","binary","0.7156385281385281","0.0","0.28436147186147187","0.0","0","255","72.51217532467533","378,5235,65,55"
"assets/characters/3221.png","3221-123","7","445,5235,34,58","","34","58","binary","0.5425963488843814","0.0","0.45740365111561865","0.0","0","255","116.63793103448276","445,5235,33,57"
"assets/characters/3221.png","3221-124","0","0,5296,57,59","","57","59","binary","0.6943205471305383","0.0","0.3056794528694618","0.0","0","255","77.94826048171275","0,5296,56,58"
"assets/characters/3221.png","3221-124","1","58,5296,48,59","","48","59","binary","0.6701977401129944","0.0","0.3298022598870056","0.0","0","255","84.09957627118644","58,5296,47,58"
"assets/characters/3221.png","3221-124","2","107,5296,43,59","","43","59","binary","0.647615293653922","0.0","0.35238470634607805","0.0","0","255","89.85810011824991","107,5296,42,58"
"assets/characters/3221.png","3221-124","3","151,5296,33,59","","33","59","binary","0.5808936825885979","0.0","0.41910631741140214","0.0","0","255","106.87211093990754","151,5296,32,58"
"assets/characters/3221.png","3221-124","4","185,5296,59,75","","59","75","binary","0.7810169491525424","0.0","0.21898305084745762","0.0","0","255","55.840677966101694","185,5296,58,74"
"assets/characters/3221.png","3221-124","5","245,5296,64,61","","64","61","binary","0.7505122950819673","0.0","0.2494877049180328","0.0","0","255","63.61936475409836","245,5296,63,60"
"assets/characters/3221.png","3221-124","6","310,5296,44,61","","44","61","binary","0.6520119225037257","0.0","0.3479880774962742","0.0","0","255","88.73695976154993","310,5296,43,60"
"assets/characters/3221.png","3221-124","7","355,5296,44,54","","44","54","binary","0.6195286195286195","0.0","0.38047138047138046","0.0","0","255","97.02020202020202","355,5296,43,53"
"assets/characters/3221.png","3221-125","0","0,5372,27,61","","27","61","binary","0.575591985428051","0.0","0.424408014571949","0.0","0","255","108.22404371584699","0,5372,26,60"
"assets/characters/3221.png","3221-125","1","28,5372,22,62","","22","62","binary","0.530791788856305","0.0","0.46920821114369504","0.0","0","255","119.64809384164222","28,5372,21,61"
"assets/characters/3221.png","3221-125","2","51,5372,27,62","","27","62","binary","0.6356033452807647","0.0","0.3643966547192354","0.0","0","255","92.92114695340501","51,5372,26,61"
"assets/characters/3221.png","3221-125","3","79,5372,47,63","","47","63","binary","0.7798041202296522","0.0","0.22019587977034785","0.0","0","255","56.149949341438706","79,5372,46,62"
"assets/characters/3221.png","3221-125","4","127,5372,34,93","","34","93","binary","0.7602783048703352","0.0","0.23972169512966476","0.0","0","255","61.12903225806452","127,5372,33,92"
"assets/characters/3221.png","3221-125","5","162,5372,23,68","","23","68","binary","0.5959079283887468","0.0","0.4040920716112532","0.0","0","255","103.04347826086956","162,5372,22,67"
"assets/characters/3221.png","3221-125","6","186,5372,28,59","","28","59","binary","0.6059322033898306","0.0","0.3940677966101695","0.0","0","255","100.48728813559322","186,5372,27,58"
"assets/characters/3221.png","3221-125","7","215,5372,68,56","","68","56","binary","0.7783613445378151","0.0","0.22163865546218486","0.0","0","255","56.517857142857146","215,5372,67,55"
"assets/characters/3221.png","3221-126","0","0,5466,33,60","","33","60","binary","0.6858585858585858","0.0","0.31414141414141417","0.0","0","255","80.10606060606061","0,5466,32,59"
"assets/characters/3221.png","3221-126","1","34,5466,47,61","","47","61","binary","0.7596791070805721","0.0","0.240320892919428","0.0","0","255","61.28182769445414","34,5466,46,60"
"assets/characters/3221.png","3221-126","2","82,5466,58,61","","58","61","binary","0.7939513849632561","0.0","0.20604861503674393","0.0","0","255","52.5423968343697","82,5466,57,60"
"assets/characters/3221.png","3221-126","3","141,5466,65,61","","65","61","binary","0.8025220680958386","0.0","0.1974779319041614","0.0","0","255","50.35687263556116","141,5466,64,60"
"assets/characters/3221.png","3221-126","4","207,5466,25,95","","25","95","binary","0.6791578947368421","0.0","0.3208421052631579","0.0","0","255","81.81473684210526","207,5466,24,94"
"assets/characters/3221.png","3221-126","5","233,5466,40,61","","40","61","binary","0.7135245901639344","0.0","0.28647540983606556","0.0","0","255","73.05122950819673","233,5466,39,60"
"assets/characters/3221.png","3221-126","6","274,5466,56,50","","56","50","binary","0.7360714285714286","0.0","0.2639285714285714","0.0","0","255","67.30178571428571","274,5466,55,49"
"assets/characters/3221.png","3221-126","7","331,5466,53,56","","53","56","binary","0.7661725067385444","0.0","0.23382749326145552","0.0","0","255","59.62601078167116","331,5466,52,55"
"assets/characters/3221.png","3221-127","0","0,5562,62,57","","62","57","binary","0.7303338992642897","0.0","0.26966610073571023","0.0","0","255","68.76485568760611","0,5562,61,56"
"assets/characters/3221.png","3221-127","1","63,5562,61,57","","61","57","binary","0.7192982456140351","0.0","0.2807017543859649","0.0","0","255","71.57894736842105","63,5562,60,56"
"assets/characters/3221.png","3221-127","2","125,5562,61,57","","61","57","binary","0.7218866839229221","0.0","0.27811331607707795","0.0","0","255","70.91889559965487","125,5562,60,56"
"assets/characters/3221.png","3221-127","3","187,5562,61,56","","61","56","binary","0.7157494145199064","0.0","0.2842505854800937","0.0","0","255","72.48389929742389","187,5562,60,55"
"assets/characters/3221.png","3221-127","4","249,5562,57,81","","57","81","binary","0.7779943686376435","0.0","0.22200563136235651","0.0","0","255","56.61143599740091","249,5562,56,80"
"assets/characters/3221.png","3221-127","5","307,5562,71,47","","71","47","binary","0.7138148037159125","0.0","0.2861851962840875","0.0","0","255","72.97722505244231","307,5562,70,46"
"assets/characters/3221.png","3221-127","6","379,5562,66,53","","66","53","binary","0.7381360777587193","0.0","0.26186392224128074","0.0","0","255","66.77530017152658","379,5562,65,52"
"assets/characters/3221.png","3221-127","7","446,5562,34,56","","34","56","binary","0.5724789915966386","0.0","0.4275210084033613","0.0","0","255","109.01785714285714","446,5562,33,55"
"assets/characters/3221.png","3221-128","0","0,5644,60,60","","60","60","binary","0.7586111111111111","0.0","0.24138888888888888","0.0","0","255","61.55416666666667","0,5644,59,59"
"assets/characters/3221.png","3221-128","1","61,5644,66,64","","66","64","binary","0.7852746212121212","0.0","0.21472537878787878","0.0","0","255","54.75497159090909","61,5644,65,63"
"assets/characters/3221.png","3221-129","0","0,5709,57,62","","57","62","binary","0.7857951329937748","0.0","0.21420486700622524","0.0","0","255","54.62224108658744","0,5709,56,61"
"assets/characters/3221.png","3221-129","1","58,5709,53,66","","53","66","binary","0.7841623785020011","0.0","0.21583762149799884","0.0","0","255","55.03859348198971","58,5709,52,65"
"assets/characters/3221.png","3221-130","0","0,5776,31,59","","31","59","binary","0.5615090213231274","0.0","0.4384909786768726","0.0","0","255","111.81519956260252","0,5776,30,58"
"assets/characters/3221.png","3221-130","1","32,5776,32,65","","32","65","binary","0.635576923076923","0.0","0.3644230769230769","0.0","0","255","92.92788461538461","32,5776,31,64"
"assets/characters/3221.png","3221-131","0","0,5842,36,59","","36","59","binary","0.5894538606403014","0.0","0.4105461393596987","0.0","0","255","104.68926553672317","0,5842,35,58"
"assets/characters/3221.png","3221-131","1","37,5842,42,56","","42","56","binary","0.6428571428571429","0.0","0.35714285714285715","0.0","0","255","91.07142857142857","37,5842,41,55"
"assets/characters/3221.png","3221-132","0","0,5902,60,53","","60","53","binary","0.7355345911949686","0.0","0.26446540880503144","0.0","0","255","67.43867924528301","0,5902,59,52"
"assets/characters/3221.png","3221-132","1","61,5902,66,58","","66","58","binary","0.762539184952978","0.0","0.23746081504702193","0.0","0","255","60.55250783699059","61,5902,65,57"
"assets/characters/3221.png","3221-133","0","0,5961,57,55","","57","55","binary","0.7818181818181819","0.0","0.21818181818181817","0.0","0","255","55.63636363636363","0,5961,56,54"
"assets/characters/3221.png","3221-133","1","58,5961,53,61","","53","61","binary","0.7813176616145995","0.0","0.21868233838540055","0.0","0","255","55.76399628827714","58,5961,52,60"
"assets/characters/3221.png","3221-134","0","0,6023,31,54","","31","54","binary","0.6021505376344086","0.0","0.3978494623655914","0.0","0","255","101.45161290322581","0,6023,30,53"
"assets/characters/3221.png","3221-134","1","32,6023,30,59","","30","59","binary","0.611864406779661","0.0","0.38813559322033897","0.0","0","255","98.97457627118644","32,6023,29,58"
"assets/characters/3221.png","3221-297","0","0,6083,26,59","","26","59","binary","0.5814863102998696","0.0","0.41851368970013036","0.0","0","255","106.72099087353325","0,6083,25,58"
"assets/characters/3221.png","3221-297","1","27,6083,24,55","","24","55","binary","0.5083333333333333","0.0","0.49166666666666664","0.0","0","255","125.375","27,6083,23,54"
"assets/characters/3221.png","3221-297","2","52,6083,24,57","","24","57","binary","0.4956140350877193","0.0","0.5043859649122807","0.0","0","255","128.6184210526316","52,6083,23,56"
"assets/characters/3221.png","3221-297","3","77,6083,24,55","","24","55","binary","0.4954545454545455","0.0","0.5045454545454545","0.0","0","255","128.6590909090909","77,6083,23,54"
"assets/characters/3221.png","3221-297","4","102,6083,21,57","","21","57","binary","0.47368421052631576","0.0","0.5263157894736842","0.0","0","255","134.21052631578948","102,6083,20,56"
"assets/characters/3221.png","3221-297","5","124,6083,23,57","","23","57","binary","0.4820747520976354","0.0","0.5179252479023646","0.0","0","255","132.07093821510298","124,6083,22,56"
"assets/characters/3221.png","3221-297","6","148,6083,26,54","","26","54","binary","0.4829059829059829","0.0","0.5170940170940171","0.0","0","255","131.85897435897436","148,6083,25,53"
"assets/characters/3221.png","3221-297","7","175,6083,20,56","","20","56","binary","0.4017857142857143","0.0","0.5982142857142857","0.0","0","255","152.54464285714286","175,6083,19,55"
"assets/characters/3221.png","3221-297","8","196,6083,21,78","","21","78","binary","0.5897435897435898","0.0","0.41025641025641024","0.0","0","255","104.61538461538461","196,6083,20,77"
"assets/characters/3221.png","3221-297","9","218,6083,19,76","","19","76","binary","0.5498614958448753","0.0","0.45013850415512463","0.0","0","255","114.78531855955679","218,6083,18,75"
"assets/characters/3221.png","3221-297","10","238,6083,17,73","","17","73","binary","0.49556809024979853","0.0","0.5044319097502015","0.0","0","255","128.63013698630138","238,6083,16,72"
"assets/characters/3221.png","3221-297","11","256,6083,17,73","","17","73","binary","0.500402900886382","0.0","0.49959709911361805","0.0","0","255","127.3972602739726","256,6083,16,72"
"assets/characters/3221.png","3221-297","12","274,6083,17,76","","17","76","binary","0.5030959752321982","0.0","0.4969040247678019","0.0","0","255","126.71052631578948","274,6083,16,75"
"assets/characters/3221.png","3221-297","13","292,6083,18,71","","18","71","binary","0.5078247261345853","0.0","0.4921752738654147","0.0","0","255","125.50469483568075","292,6083,17,70"
"assets/characters/3221.png","3221-297","14","311,6083,19,61","","19","61","binary","0.47886108714408976","0.0","0.5211389128559103","0.0","0","255","132.89042277825712","311,6083,18,60"
"assets/characters/3221.png","3221-298","0","0,6162,23,59","","23","59","binary","0.47015475313190863","0.0","0.5298452468680914","0.0","0","255","135.1105379513633","0,6162,22,58"
"assets/characters/3221.png","3221-298","1","24,6162,29,54","","29","54","binary","0.5146871008939975","0.0","0.48531289910600256","0.0","0","255","123.75478927203065","24,6162,28,53"
"assets/characters/3221.png","3221-298","2","54,6162,30,57","","30","57","binary","0.49415204678362573","0.0","0.5058479532163743","0.0","0","255","128.99122807017545","54,6162,29,56"
"assets/characters/3221.png","3221-298","3","85,6162,32,55","","32","55","binary","0.49886363636363634","0.0","0.5011363636363636","0.0","0","255","127.78977272727273","85,6162,31,54"
"assets/characters/3221.png","3221-298","4","118,6162,32,56","","32","56","binary","0.48716517857142855","0.0","0.5128348214285714","0.0","0","255","130.77287946428572","118,6162,31,55"
"assets/characters/3221.png","3221-298","5","151,6162,27,55","","27","55","binary","0.41683501683501684","0.0","0.5831649831649832","0.0","0","255","148.7070707070707","151,6162,26,54"
"assets/characters/3221.png","3221-298","6","179,6162,24,53","","24","53","binary","0.4308176100628931","0.0","0.5691823899371069","0.0","0","255","145.14150943396226","179,6162,23,52"
"assets/characters/3221.png","3221-298","7","204,6162,34,57","","34","57","binary","0.5923632610939112","0.0","0.40763673890608876","0.0","0","255","103.94736842105263","204,6162,33,56"
"assets/characters/3221.png","3221-298","8","239,6162,36,74","","36","74","binary","0.6786786786786787","0.0","0.3213213213213213","0.0","0","255","81.93693693693693","239,6162,35,73"
"assets/characters/3221.png","3221-298","9","276,6162,32,75","","32","75","binary","0.6520833333333333","0.0","0.34791666666666665","0.0","0","255","88.71875","276,6162,31,74"
"assets/characters/3221.png","3221-298","10","309,6162,31,72","","31","72","binary","0.6424731182795699","0.0","0.3575268817204301","0.0","0","255","91.16935483870968","309,6162,30,71"
"assets/characters/3221.png","3221-298","11","341,6162,31,71","","31","71","binary","0.6369831894593366","0.0","0.3630168105406633","0.0","0","255","92.56928668786915","341,6162,30,70"
"assets/characters/3221.png","3221-298","12","373,6162,33,72","","33","72","binary","0.6658249158249159","0.0","0.3341750841750842","0.0","0","255","85.21464646464646","373,6162,32,71"
"assets/characters/3221.png","3221-298","13","407,6162,38,65","","38","65","binary","0.6862348178137652","0.0","0.31376518218623484","0.0","0","255","80.01012145748987","407,6162,37,64"
"assets/characters/3221.png","3221-298","14","446,6162,35,60","","35","60","binary","0.6442857142857142","0.0","0.3557142857142857","0.0","0","255","90.70714285714286","446,6162,34,59"
"assets/characters/3221.png","3221-299","0","0,6238,26,57","","26","57","binary","0.4534412955465587","0.0","0.5465587044534413","0.0","0","255","139.37246963562754","0,6238,25,56"
"assets/characters/3221.png","3221-299","1","27,6238,33,54","","33","54","binary","0.47474747474747475","0.0","0.5252525252525253","0.0","0","255","133.93939393939394","27,6238,32,53"
"assets/characters/3221.png","3221-299","2","61,6238,33,55","","33","55","binary","0.4479338842975207","0.0","0.5520661157024793","0.0","0","255","140.77685950413223","61,6238,32,54"
"assets/characters/3221.png","3221-299","3","95,6238,34,59","","34","59","binary","0.4740777666999003","0.0","0.5259222333000997","0.0","0","255","134.11016949152543","95,6238,33,58"
"assets/characters/3221.png","3221-299","4","130,6238,43,54","","43","54","binary","0.5228251507321274","0.0","0.4771748492678725","0.0","0","255","121.6795865633075","130,6238,42,53"
"assets/characters/3221.png","3221-299","5","174,6238,35,55","","35","55","binary","0.4451948051948052","0.0","0.5548051948051949","0.0","0","255","141.47532467532469","174,6238,34,54"
"assets/characters/3221.png","3221-299","6","210,6238,25,55","","25","55","binary","0.4007272727272727","0.0","0.5992727272727273","0.0","0","255","152.81454545454545","210,6238,24,54"
"assets/characters/3221.png","3221-299","7","236,6238,32,57","","32","57","binary","0.5476973684210527","0.0","0.45230263157894735","0.0","0","255","115.33717105263158","236,6238,31,56"
"assets/characters/3221.png","3221-299","8","269,6238,39,67","","39","67","binary","0.6394948335246843","0.0","0.3605051664753157","0.0","0","255","91.92881745120552","269,6238,38,66"
"assets/characters/3221.png","3221-299","9","309,6238,36,70","","36","70","binary","0.6293650793650793","0.0","0.37063492063492065","0.0","0","255","94.51190476190476","309,6238,35,69"
"assets/characters/3221.png","3221-299","10","346,6238,36,69","","36","69","binary","0.6280193236714976","0.0","0.3719806763285024","0.0","0","255","94.85507246376811","346,6238,35,68"
"assets/characters/3221.png","3221-299","11","383,6238,34,67","","34","67","binary","0.6071115013169447","0.0","0.3928884986830553","0.0","0","255","100.18656716417911","383,6238,33,66"
"assets/characters/3221.png","3221-299","12","418,6238,35,64","","35","64","binary","0.6071428571428571","0.0","0.39285714285714285","0.0","0","255","100.17857142857143","418,6238,34,63"
"assets/characters/3221.png","3221-299","13","454,6238,41,57","","41","57","binary","0.6332905434317501","0.0","0.3667094565682499","0.0","0","255","93.51091142490372","454,6238,40,56"
"assets/characters/3221.png","3221-299","14","496,6238,40,57","","40","57","binary","0.6359649122807017","0.0","0.36403508771929827","0.0","0","255","92.82894736842105","496,6238,39,56"
"assets/characters/3221.png","3221-300","0","0,6309,27,56","","27","56","binary","0.4636243386243386","0.0","0.5363756613756614","0.0","0","255","136.77579365079364","0,6309,26,55"
"assets/characters/3221.png","3221-300","1","28,6309,34,54","","34","54","binary","0.5604575163398693","0.0","0.4395424836601307","0.0","0","255","112.08333333333333","28,6309,33,53"
"assets/characters/3221.png","3221-300","2","63,6309,33,58","","33","58","binary","0.5611285266457681","0.0","0.438871473354232","0.0","0","255","111.91222570532915","63,6309,32,57"
"assets/characters/3221.png","3221-300","3","97,6309,28,65","","28","65","binary","0.5087912087912088","0.0","0.4912087912087912","0.0","0","255","125.25824175824175","97,6309,27,64"
"assets/characters/3221.png","3221-300","4","126,6309,35,57","","35","57","binary","0.5363408521303258","0.0","0.46365914786967416","0.0","0","255","118.23308270676692","126,6309,34,56"
"assets/characters/3221.png","3221-300","5","162,6309,36,55","","36","55","binary","0.5308080808080808","0.0","0.4691919191919192","0.0","0","255","119.64393939393939","162,6309,35,54"
"assets/characters/3221.png","3221-300","6","199,6309,25,58","","25","58","binary","0.43448275862068964","0.0","0.5655172413793104","0.0","0","255","144.20689655172413","199,6309,24,57"
"assets/characters/3221.png","3221-300","7","225,6309,20,58","","20","58","binary","0.36810344827586206","0.0","0.631896551724138","0.0","0","255","161.13362068965517","225,6309,19,57"
"assets/characters/3221.png","3221-300","8","246,6309,25,63","","25","63","binary","0.5041269841269841","0.0","0.49587301587301585","0.0","0","255","126.44761904761904","246,6309,24,62"
"assets/characters/3221.png","3221-300","9","272,6309,25,71","","25","71","binary","0.5645070422535211","0.0","0.4354929577464789","0.0","0","255","111.0507042253521","272,6309,24,70"
"assets/characters/3221.png","3221-300","10","298,6309,24,71","","24","71","binary","0.5616197183098591","0.0","0.43838028169014087","0.0","0","255","111.78697183098592","298,6309,23,70"
"assets/characters/3221.png","3221-300","11","323,6309,24,69","","24","69","binary","0.5483091787439613","0.0","0.45169082125603865","0.0","0","255","115.18115942028986","323,6309,23,68"
"assets/characters/3221.png","3221-300","12","348,6309,24,62","","24","62","binary","0.5013440860215054","0.0","0.4986559139784946","0.0","0","255","127.15725806451613","348,6309,23,61"
"assets/characters/3221.png","3221-300","13","373,6309,29,60","","29","60","binary","0.5873563218390805","0.0","0.4126436781609195","0.0","0","255","105.22413793103448","373,6309,28,59"
"assets/characters/3221.png","3221-300","14","403,6309,27,59","","27","59","binary","0.5618330194601381","0.0","0.4381669805398619","0.0","0","255","111.73258003766479","403,6309,26,58"
"assets/characters/3221.png","3221-301","0","0,6381,27,52","","27","52","binary","0.5883190883190883","0.0","0.4116809116809117","0.0","0","255","104.97863247863248","0,6381,26,51"
"assets/characters/3221.png","3221-301","1","28,6381,24,54","","24","54","binary","0.5339506172839507","0.0","0.4660493827160494","0.0","0","255","118.8425925925926","28,6381,23,53"
"assets/characters/3221.png","3221-301","2","53,6381,24,63","","24","63","binary","0.5787037037037037","0.0","0.4212962962962963","0.0","0","255","107.43055555555556","53,6381,23,62"
"assets/characters/3221.png","3221-301","3","78,6381,24,68","","24","68","binary","0.5974264705882353","0.0","0.4025735294117647","0.0","0","255","102.65625","78,6381,23,67"
"assets/characters/3221.png","3221-301","4","103,6381,21,63","","21","63","binary","0.5298563869992441","0.0","0.47014361300075586","0.0","0","255","119.88662131519274","103,6381,20,62"
"assets/characters/3221.png","3221-301","5","125,6381,23,56","","23","56","binary","0.5225155279503105","0.0","0.47748447204968947","0.0","0","255","121.75854037267081","125,6381,22,55"
"assets/characters/3221.png","3221-301","6","149,6381,26,59","","26","59","binary","0.5319426336375489","0.0","0.4680573663624511","0.0","0","255","119.35462842242504","149,6381,25,58"
"assets/characters/3221.png","3221-301","7","176,6381,20,60","","20","60","binary","0.42583333333333334","0.0","0.5741666666666667","0.0","0","255","146.4125","176,6381,19,59"
"assets/characters/3221.png","3221-301","8","197,6381,21,65","","21","65","binary","0.5619047619047619","0.0","0.4380952380952381","0.0","0","255","111.71428571428571","197,6381,20,64"
"assets/characters/3221.png","3221-301","9","219,6381,19,73","","19","73","binary","0.5674116798846431","0.0","0.43258832011535686","0.0","0","255","110.310021629416","219,6381,18,72"
"assets/characters/3221.png","3221-301","10","239,6381,17,75","","17","75","binary","0.5349019607843137","0.0","0.46509803921568627","0.0","0","255","118.6","239,6381,16,74"
"assets/characters/3221.png","3221-301","11","257,6381,16,72","","16","72","binary","0.4965277777777778","0.0","0.5034722222222222","0.0","0","255","128.38541666666666","257,6381,15,71"
"assets/characters/3221.png","3221-301","12","274,6381,17,64","","17","64","binary","0.47794117647058826","0.0","0.5220588235294118","0.0","0","255","133.125","274,6381,16,63"
"assets/characters/3221.png","3221-301","13","292,6381,18,63","","18","63","binary","0.5017636684303352","0.0","0.4982363315696649","0.0","0","255","127.05026455026454","292,6381,17,62"
"assets/characters/3221.png","3221-301","14","311,6381,19,62","","19","62","binary","0.49745331069609505","0.0","0.5025466893039049","0.0","0","255","128.14940577249575","311,6381,18,61"
"assets/characters/3221.png","3221-302","0","0,6457,23,51","","23","51","binary","0.484228473998295","0.0","0.5157715260017051","0.0","0","255","131.52173913043478","0,6457,22,50"
"assets/characters/3221.png","3221-302","1","24,6457,29,52","","29","52","binary","0.5663129973474801","0.0","0.4336870026525199","0.0","0","255","110.59018567639258","24,6457,28,51"
"assets/characters/3221.png","3221-302","2","54,6457,30,60","","30","60","binary","0.5972222222222222","0.0","0.4027777777777778","0.0","0","255","102.70833333333333","54,6457,29,59"
"assets/characters/3221.png","3221-302","3","85,6457,32,63","","32","63","binary","0.6066468253968254","0.0","0.3933531746031746","0.0","0","255","100.30505952380952","85,6457,31,62"
"assets/characters/3221.png","3221-302","4","118,6457,32,58","","32","58","binary","0.6007543103448276","0.0","0.39924568965517243","0.0","0","255","101.80765086206897","118,6457,31,57"
"assets/characters/3221.png","3221-302","5","151,6457,27,54","","27","54","binary","0.5157750342935528","0.0","0.4842249657064472","0.0","0","255","123.47736625514403","151,6457,26,53"
"assets/characters/3221.png","3221-302","6","179,6457,24,56","","24","56","binary","0.47470238095238093","0.0","0.5252976190476191","0.0","0","255","133.95089285714286","179,6457,23,55"
"assets/characters/3221.png","3221-302","7","204,6457,35,59","","35","59","binary","0.6290556900726392","0.0","0.37094430992736077","0.0","0","255","94.590799031477","204,6457,34,58"
"assets/characters/3221.png","3221-302","8","240,6457,36,65","","36","65","binary","0.6884615384615385","0.0","0.31153846153846154","0.0","0","255","79.4423076923077","240,6457,35,64"
"assets/characters/3221.png","3221-302","9","277,6457,33,73","","33","73","binary","0.6903279369032793","0.0","0.30967206309672063","0.0","0","255","78.96637608966375","277,6457,32,72"
"assets/characters/3221.png","3221-302","10","311,6457,32,74","","32","74","binary","0.6875","0.0","0.3125","0.0","0","255","79.6875","311,6457,31,73"
"assets/characters/3221.png","3221-302","11","344,6457,31,71","","31","71","binary","0.6656065424806906","0.0","0.3343934575193094","0.0","0","255","85.2703316674239","344,6457,30,70"
"assets/characters/3221.png","3221-302","12","376,6457,33,65","","33","65","binary","0.6629370629370629","0.0","0.33706293706293705","0.0","0","255","85.95104895104895","376,6457,32,64"
"assets/characters/3221.png","3221-302","13","410,6457,38,60","","38","60","binary","0.6868421052631579","0.0","0.3131578947368421","0.0","0","255","79.85526315789474","410,6457,37,59"
"assets/characters/3221.png","3221-302","14","449,6457,35,60","","35","60","binary","0.6576190476190477","0.0","0.3423809523809524","0.0","0","255","87.30714285714286","449,6457,34,59"
"assets/characters/3221.png","3221-303","0","0,6532,26,53","","26","53","binary","0.4644412191582003","0.0","0.5355587808417998","0.0","0","255","136.5674891146589","0,6532,25,52"
"assets/characters/3221.png","3221-303","1","27,6532,33,48","","33","48","binary","0.49936868686868685","0.0","0.5006313131313131","0.0","0","255","127.66098484848484","27,6532,32,47"
"assets/characters/3221.png","3221-303","2","61,6532,33,54","","33","54","binary","0.5291806958473625","0.0","0.4708193041526375","0.0","0","255","120.05892255892256","61,6532,32,53"
"assets/characters/3221.png","3221-303","3","95,6532,34,58","","34","58","binary","0.5593306288032455","0.0","0.4406693711967546","0.0","0","255","112.37068965517241","95,6532,33,57"
"assets/characters/3221.png","3221-303","4","130,6532,44,52","","44","52","binary","0.5799825174825175","0.0","0.4200174825174825","0.0","0","255","107.10445804195804","130,6532,43,51"
"assets/characters/3221.png","3221-303","5","175,6532,35,55","","35","55","binary","0.5324675324675324","0.0","0.4675324675324675","0.0","0","255","119.22077922077922","175,6532,34,54"
"assets/characters/3221.png","3221-303","6","211,6532,25,56","","25","56","binary","0.4635714285714286","0.0","0.5364285714285715","0.0","0","255","136.7892857142857","211,6532,24,55"
"assets/characters/3221.png","3221-303","7","237,6532,32,56","","32","56","binary","0.5518973214285714","0.0","0.44810267857142855","0.0","0","255","114.26618303571429","237,6532,31,55"
"assets/characters/3221.png","3221-303","8","270,6532,39,68","","39","68","binary","0.6693061840120663","0.0","0.3306938159879336","0.0","0","255","84.32692307692308","270,6532,38,67"
"assets/characters/3221.png","3221-303","9","310,6532,36,71","","36","71","binary","0.6561032863849765","0.0","0.3438967136150235","0.0","0","255","87.69366197183099","310,6532,35,70"
"assets/characters/3221.png","3221-303","10","347,6532,36,70","","36","70","binary","0.648015873015873","0.0","0.351984126984127","0.0","0","255","89.75595238095238","347,6532,35,69"
"assets/characters/3221.png","3221-303","11","384,6532,34,69","","34","69","binary","0.6257459505541347","0.0","0.3742540494458653","0.0","0","255","95.43478260869566","384,6532,33,68"
"assets/characters/3221.png","3221-303","12","419,6532,35,67","","35","67","binary","0.6281449893390192","0.0","0.3718550106609808","0.0","0","255","94.82302771855011","419,6532,34,66"
"assets/characters/3221.png","3221-303","13","455,6532,40,57","","40","57","binary","0.6285087719298246","0.0","0.3714912280701754","0.0","0","255","94.73026315789474","455,6532,39,56"
"assets/characters/3221.png","3221-303","14","496,6532,39,57","","39","57","binary","0.6342780026990553","0.0","0.3657219973009447","0.0","0","255","93.25910931174089","496,6532,38,56"
"assets/monsters/black_forest/mountain_wolf.png","alt-0","","72,298,35,33","","35","33","binary","0.5082251082251082","0.0","0.49177489177489175","0.0","0","255","125.40259740259741","72,298,35,33"
"assets/monsters/black_forest/mountain_wolf.png","alt-0","","922,298,34,32","","34","32","binary","0.4797794117647059","0.0","0.5202205882352942","0.0","0","255","132.65625","922,298,34,32"
"assets/monsters/black_forest/mountain_wolf.png","alt-0","","512,365,34,30","","34","30","binary","0.4549019607843137","0.0","0.5450980392156862","0.0","0","255","139.0","512,365,34,30"
"assets/monsters/black_forest/mountain_wolf.png","alt-0","","547,365,38,30","","38","30","binary","0.5271929824561403","0.0","0.4728070175438597","0.0","0","255","120.5657894736842","547,365,38,30"
"assets/monsters/black_forest/mountain_wolf.png","alt-0","","586,365,39,30","","39","30","binary","0.5367521367521367","0.0","0.46324786324786327","0.0","0","255","118.12820512820512","586,365,39,30"
"assets/monsters/black_forest/mountain_wolf.png","alt-0","","626,365,39,30","","39","30","binary","0.5495726495726496","0.0","0.45042735042735044","0.0","0","255","114.85897435897436","626,365,39,30"
"assets/monsters/black_forest/mountain_wolf.png","alt-0","","711,397,39,29","","39","29","binary","0.51105216622458","0.0","0.48894783377542","0.0","0","255","124.6816976127321","711,397,39,29"
"assets/monsters/black_forest/mountain_wolf.png","alt-0","","666,365,38,30","","38","30","binary","0.5070175438596491","0.0","0.49298245614035086","0.0","0","255","125.71052631578948","666,365,38,30"
"assets/monsters/black_forest/mountain_wolf.png","alt-1","","477,428,47,28","","47","28","binary","0.4734042553191489","0.0","0.526595744680851","0.0","0","255","134.28191489361703","477,428,47,28"
"assets/monsters/black_forest/mountain_wolf.png","alt-1","","525,428,47,28","","47","28","binary","0.4726443768996961","0.0","0.5273556231003039","0.0","0","255","134.4756838905775","525,428,47,28"
"assets/monsters/black_forest/mountain_wolf.png","alt-1","","371,458,47,27","","47","27","binary","0.4672970843183609","0.0","0.5327029156816391","0.0","0","255","135.83924349881798","371,458,47,27"
"assets/monsters/black_forest/mountain_wolf.png","alt-1","","419,458,49,27","","49","27","binary","0.5117157974300831","0.0","0.48828420256991684","0.0","0","255","124.5124716553288","419,458,49,27"
"assets/monsters/black_forest/mountain_wolf.png","alt-1","","469,458,49,27","","49","27","binary","0.5132275132275133","0.0","0.48677248677248675","0.0","0","255","124.12698412698413","469,458,49,27"
"assets/monsters/black_forest/mountain_wolf.png","alt-1","","880,487,48,23","","48","23","binary","0.42844202898550726","0.0","0.5715579710144928","0.0","0","255","145.74728260869566","880,487,48,23"
"assets/monsters/black_forest/mountain_wolf.png","alt-1","","416,487,47,25","","47","25","binary","0.45617021276595743","0.0","0.5438297872340425","0.0","0","255","138.67659574468084","416,487,47,25"
"assets/monsters/black_forest/mountain_wolf.png","alt-1","","529,332,47,31","","47","31","binary","0.5353466026080989","0.0","0.46465339739190115","0.0","0","255","118.4866163349348","529,332,47,31"
"assets/monsters/black_forest/mountain_wolf.png","alt-2","","687,186,38,37","","38","37","binary","0.5960170697012802","0.0","0.4039829302987198","0.0","0","255","103.01564722617354","687,186,38,37"
"assets/monsters/black_forest/mountain_wolf.png","alt-2","","163,186,37,38","","37","38","binary","0.5938833570412517","0.0","0.4061166429587482","0.0","0","255","103.5597439544808","163,186,37,38"
"assets/monsters/black_forest/mountain_wolf.png","alt-2","","726,186,38,37","","38","37","binary","0.6066856330014224","0.0","0.3933143669985775","0.0","0","255","100.29516358463727","726,186,38,37"
"assets/monsters/black_forest/mountain_wolf.png","alt-2","","936,225,40,35","","40","35","binary","0.605","0.0","0.395","0.0","0","255","100.725","936,225,40,35"
"assets/monsters/black_forest/mountain_wolf.png","alt-2","","338,262,38,34","","38","34","binary","0.5890092879256966","0.0","0.41099071207430343","0.0","0","255","104.80263157894737","338,262,38,34"
"assets/monsters/black_forest/mountain_wolf.png","alt-2","","577,332,38,31","","38","31","binary","0.5611205432937182","0.0","0.4388794567062818","0.0","0","255","111.91426146010187","577,332,38,31"
"assets/monsters/black_forest/mountain_wolf.png","alt-2","","108,298,36,33","","36","33","binary","0.5707070707070707","0.0","0.4292929292929293","0.0","0","255","109.46969696969697","108,298,36,33"
"assets/monsters/black_forest/mountain_wolf.png","alt-2","","201,186,35,38","","35","38","binary","0.5842105263157895","0.0","0.41578947368421054","0.0","0","255","106.02631578947368","201,186,35,38"
"assets/monsters/black_forest/mountain_wolf.png","alt-3","","261,0,13,44","","13","44","binary","0.3741258741258741","0.0","0.6258741258741258","0.0","0","255","159.5979020979021","261,0,13,44"
"assets/monsters/black_forest/mountain_wolf.png","alt-3","","120,0,12,45","","12","45","binary","0.3074074074074074","0.0","0.6925925925925925","0.0","0","255","176.61111111111111","120,0,12,45"
"assets/monsters/black_forest/mountain_wolf.png","alt-3","","133,0,14,45","","14","45","binary","0.3904761904761905","0.0","0.6095238095238096","0.0","0","255","155.42857142857142","133,0,14,45"
"assets/monsters/black_forest/mountain_wolf.png","alt-3","","906,0,13,41","","13","41","binary","0.350844277673546","0.0","0.649155722326454","0.0","0","255","165.5347091932458","906,0,13,41"
"assets/monsters/black_forest/mountain_wolf.png","alt-3","","705,0,13,42","","13","42","binary","0.3608058608058608","0.0","0.6391941391941391","0.0","0","255","162.9945054945055","705,0,13,42"
"assets/monsters/black_forest/mountain_wolf.png","alt-3","","237,186,16,38","","16","38","binary","0.43585526315789475","0.0","0.5641447368421053","0.0","0","255","143.85690789473685","237,186,16,38"
"assets/monsters/black_forest/mountain_wolf.png","alt-3","","304,144,14,40","","14","40","binary","0.3767857142857143","0.0","0.6232142857142857","0.0","0","255","158.91964285714286","304,144,14,40"
"assets/monsters/black_forest/mountain_wolf.png","alt-3","","398,0,13,43","","13","43","binary","0.35241502683363146","0.0","0.6475849731663685","0.0","0","255","165.13416815742397","398,0,13,43"
"assets/monsters/black_forest/mountain_wolf.png","alt-4","","412,0,36,43","","36","43","binary","0.6350129198966409","0.0","0.3649870801033592","0.0","0","255","93.07170542635659","412,0,36,43"
"assets/monsters/black_forest/mountain_wolf.png","alt-4","","449,0,35,43","","35","43","binary","0.6179401993355482","0.0","0.38205980066445183","0.0","0","255","97.42524916943522","449,0,35,43"
"assets/monsters/black_forest/mountain_wolf.png","alt-4","","485,0,34,43","","34","43","binary","0.603967168262654","0.0","0.3960328317373461","0.0","0","255","100.98837209302326","485,0,34,43"
"assets/monsters/black_forest/mountain_wolf.png","alt-4","","319,144,37,40","","37","40","binary","0.6385135135135135","0.0","0.3614864864864865","0.0","0","255","92.17905405405405","319,144,37,40"
"assets/monsters/black_forest/mountain_wolf.png","alt-4","","598,144,39,39","","39","39","binary","0.6397107166337935","0.0","0.36028928336620647","0.0","0","255","91.87376725838264","598,144,39,39"
"assets/monsters/black_forest/mountain_wolf.png","alt-4","","254,186,39,38","","39","38","binary","0.6228070175438597","0.0","0.37719298245614036","0.0","0","255","96.1842105263158","254,186,39,38"
"assets/monsters/black_forest/mountain_wolf.png","alt-4","","638,144,40,39","","40","39","binary","0.6339743589743589","0.0","0.366025641025641","0.0","0","255","93.33653846153847","638,144,40,39"
"assets/monsters/black_forest/mountain_wolf.png","alt-4","","679,144,37,39","","37","39","binary","0.6181566181566182","0.0","0.38184338184338185","0.0","0","255","97.37006237006237","679,144,37,39"
"assets/monsters/black_forest/mountain_wolf.png","alt-5","","957,298,47,32","","47","32","binary","0.53125","0.0","0.46875","0.0","0","255","119.53125","957,298,47,32"
"assets/monsters/black_forest/mountain_wolf.png","alt-5","","0,332,48,32","","48","32","binary","0.5397135416666666","0.0","0.4602864583333333","0.0","0","255","117.373046875","0,332,48,32"
"assets/monsters/black_forest/mountain_wolf.png","alt-5","","49,332,48,32","","48","32","binary","0.5442708333333334","0.0","0.4557291666666667","0.0","0","255","116.2109375","49,332,48,32"
"assets/monsters/black_forest/mountain_wolf.png","alt-5","","616,332,48,31","","48","31","binary","0.5591397849462365","0.0","0.44086021505376344","0.0","0","255","112.41935483870968","616,332,48,31"
"assets/monsters/black_forest/mountain_wolf.png","alt-5","","665,332,49,31","","49","31","binary","0.5681369321922317","0.0","0.4318630678077683","0.0","0","255","110.12508229098091","665,332,49,31"
"assets/monsters/black_forest/mountain_wolf.png","alt-5","","715,332,49,31","","49","31","binary","0.5714285714285714","0.0","0.42857142857142855","0.0","0","255","109.28571428571429","715,332,49,31"
"assets/monsters/black_forest/mountain_wolf.png","alt-5","","705,365,47,30","","47","30","binary","0.5375886524822695","0.0","0.4624113475177305","0.0","0","255","117.91489361702128","705,365,47,30"
"assets/monsters/black_forest/mountain_wolf.png","alt-5","","573,428,47,28","","47","28","binary","0.4908814589665654","0.0","0.5091185410334347","0.0","0","255","129.82522796352583","573,428,47,28"
"assets/monsters/black_forest/mountain_wolf.png","alt-6","","422,225,37,36","","37","36","binary","0.5638138138138138","0.0","0.4361861861861862","0.0","0","255","111.22747747747748","422,225,37,36"
"assets/monsters/black_forest/mountain_wolf.png","alt-6","","977,225,38,35","","38","35","binary","0.5759398496240602","0.0","0.42406015037593986","0.0","0","255","108.13533834586467","977,225,38,35"
"assets/monsters/black_forest/mountain_wolf.png","alt-6","","145,298,37,33","","37","33","binary","0.5495495495495496","0.0","0.45045045045045046","0.0","0","255","114.86486486486487","145,298,37,33"
"assets/monsters/black_forest/mountain_wolf.png","alt-6","","183,298,40,33","","40","33","binary","0.5871212121212122","0.0","0.4128787878787879","0.0","0","255","105.2840909090909","183,298,40,33"
"assets/monsters/black_forest/mountain_wolf.png","alt-6","","224,298,39,33","","39","33","binary","0.585081585081585","0.0","0.4149184149184149","0.0","0","255","105.8041958041958","224,298,39,33"
"assets/monsters/black_forest/mountain_wolf.png","alt-6","","377,262,37,34","","37","34","binary","0.5771065182829889","0.0","0.42289348171701113","0.0","0","255","107.83783783783784","377,262,37,34"
"assets/monsters/black_forest/mountain_wolf.png","alt-6","","98,332,37,32","","37","32","binary","0.5608108108108109","0.0","0.4391891891891892","0.0","0","255","111.99324324324324","98,332,37,32"
"assets/monsters/black_forest/mountain_wolf.png","alt-6","","264,298,36,33","","36","33","binary","0.5521885521885522","0.0","0.4478114478114478","0.0","0","255","114.1919191919192","264,298,36,33"
"assets/monsters/black_forest/mountain_wolf.png","alt-7","","717,144,13,39","","13","39","binary","0.2682445759368836","0.0","0.7317554240631163","0.0","0","255","186.5976331360947","717,144,13,39"
"assets/monsters/black_forest/mountain_wolf.png","alt-7","","765,186,12,37","","12","37","binary","0.21621621621621623","0.0","0.7837837837837838","0.0","0","255","199.86486486486487","765,186,12,37"
"assets/monsters/black_forest/mountain_wolf.png","alt-7","","460,225,13,36","","13","36","binary","0.2863247863247863","0.0","0.7136752136752137","0.0","0","255","181.98717948717947","460,225,13,36"
"assets/monsters/black_forest/mountain_wolf.png","alt-7","","474,225,13,36","","13","36","binary","0.2564102564102564","0.0","0.7435897435897436","0.0","0","255","189.6153846153846","474,225,13,36"
"assets/monsters/black_forest/mountain_wolf.png","alt-7","","488,225,13,36","","13","36","binary","0.25854700854700857","0.0","0.7414529914529915","0.0","0","255","189.07051282051282","488,225,13,36"
"assets/monsters/black_forest/mountain_wolf.png","alt-7","","778,186,16,37","","16","37","binary","0.3716216216216216","0.0","0.6283783783783784","0.0","0","255","160.23648648648648","778,186,16,37"
"assets/monsters/black_forest/mountain_wolf.png","alt-7","","502,225,14,36","","14","36","binary","0.30158730158730157","0.0","0.6984126984126984","0.0","0","255","178.0952380952381","502,225,14,36"
"assets/monsters/black_forest/mountain_wolf.png","alt-7","","517,225,13,36","","13","36","binary","0.27136752136752135","0.0","0.7286324786324786","0.0","0","255","185.80128205128204","517,225,13,36"
"assets/monsters/black_forest/mountain_wolf.png","attack-0","","415,262,36,34","","36","34","binary","0.5138888888888888","0.0","0.4861111111111111","0.0","0","255","123.95833333333333","415,262,36,34"
"assets/monsters/black_forest/mountain_wolf.png","attack-0","","301,298,35,33","","35","33","binary","0.4857142857142857","0.0","0.5142857142857142","0.0","0","255","131.14285714285714","301,298,35,33"
"assets/monsters/black_forest/mountain_wolf.png","attack-0","","621,428,36,28","","36","28","binary","0.44146825396825395","0.0","0.558531746031746","0.0","0","255","142.42559523809524","621,428,36,28"
"assets/monsters/black_forest/mountain_wolf.png","attack-0","","731,144,38,39","","38","39","binary","0.5883940620782726","0.0","0.4116059379217274","0.0","0","255","104.95951417004049","731,144,38,39"
"assets/monsters/black_forest/mountain_wolf.png","attack-0","","520,0,40,43","","40","43","binary","0.6180232558139535","0.0","0.3819767441860465","0.0","0","255","97.40406976744185","520,0,40,43"
"assets/monsters/black_forest/mountain_wolf.png","attack-0","","770,144,38,39","","38","39","binary","0.5910931174089069","0.0","0.4089068825910931","0.0","0","255","104.27125506072875","770,144,38,39"
"assets/monsters/black_forest/mountain_wolf.png","attack-0","","809,144,32,39","","32","39","binary","0.5344551282051282","0.0","0.4655448717948718","0.0","0","255","118.7139423076923","809,144,32,39"
"assets/monsters/black_forest/mountain_wolf.png","attack-0","","795,186,36,37","","36","37","binary","0.5375375375375375","0.0","0.4624624624624625","0.0","0","255","117.92792792792793","795,186,36,37"
"assets/monsters/black_forest/mountain_wolf.png","attack-0","","136,332,36,32","","36","32","binary","0.4895833333333333","0.0","0.5104166666666666","0.0","0","255","130.15625","136,332,36,32"
"assets/monsters/black_forest/mountain_wolf.png","attack-1","","658,428,48,28","","48","28","binary","0.48139880952380953","0.0","0.5186011904761905","0.0","0","255","132.24330357142858","658,428,48,28"
"assets/monsters/black_forest/mountain_wolf.png","attack-1","","753,365,47,30","","47","30","binary","0.5","0.0","0.5","0.0","0","255","127.5","753,365,47,30"
"assets/monsters/black_forest/mountain_wolf.png","attack-1","","801,365,46,30","","46","30","binary","0.5123188405797101","0.0","0.48768115942028983","0.0","0","255","124.3586956521739","801,365,46,30"
"assets/monsters/black_forest/mountain_wolf.png","attack-1","","848,365,50,30","","50","30","binary","0.5426666666666666","0.0","0.4573333333333333","0.0","0","255","116.62","848,365,50,30"
"assets/monsters/black_forest/mountain_wolf.png","attack-1","","531,225,51,36","","51","36","binary","0.6209150326797386","0.0","0.3790849673202614","0.0","0","255","96.66666666666667","531,225,51,36"
"assets/monsters/black_forest/mountain_wolf.png","attack-1","","765,332,48,31","","48","31","binary","0.5483870967741935","0.0","0.45161290322580644","0.0","0","255","115.16129032258064","765,332,48,31"
"assets/monsters/black_forest/mountain_wolf.png","attack-1","","814,332,49,31","","49","31","binary","0.5556287030941409","0.0","0.44437129690585914","0.0","0","255","113.31468071099407","814,332,49,31"
"assets/monsters/black_forest/mountain_wolf.png","attack-1","","751,397,47,29","","47","29","binary","0.495964783565664","0.0","0.504035216434336","0.0","0","255","128.52898019075568","751,397,47,29"
"assets/monsters/black_forest/mountain_wolf.png","attack-1","","799,397,46,29","","46","29","binary","0.4775112443778111","0.0","0.5224887556221889","0.0","0","255","133.23463268365816","799,397,46,29"
"assets/monsters/black_forest/mountain_wolf.png","attack-2","","583,225,37,36","","37","36","binary","0.5840840840840841","0.0","0.4159159159159159","0.0","0","255","106.05855855855856","583,225,37,36"
"assets/monsters/black_forest/mountain_wolf.png","attack-2","","294,186,35,38","","35","38","binary","0.5759398496240602","0.0","0.42406015037593986","0.0","0","255","108.13533834586467","294,186,35,38"
"assets/monsters/black_forest/mountain_wolf.png","attack-2","","842,144,35,39","","35","39","binary","0.5985347985347985","0.0","0.4014652014652015","0.0","0","255","102.37362637362638","842,144,35,39"
"assets/monsters/black_forest/mountain_wolf.png","attack-2","","452,262,37,34","","37","34","binary","0.5739268680445151","0.0","0.4260731319554849","0.0","0","255","108.64864864864865","452,262,37,34"
"assets/monsters/black_forest/mountain_wolf.png","attack-2","","846,397,41,29","","41","29","binary","0.5584524810765349","0.0","0.4415475189234651","0.0","0","255","112.5946173254836","846,397,41,29"
"assets/monsters/black_forest/mountain_wolf.png","attack-2","","888,397,40,29","","40","29","binary","0.5396551724137931","0.0","0.4603448275862069","0.0","0","255","117.38793103448276","888,397,40,29"
"assets/monsters/black_forest/mountain_wolf.png","attack-2","","929,397,42,29","","42","29","binary","0.5582922824302134","0.0","0.44170771756978655","0.0","0","255","112.63546798029557","929,397,42,29"
"assets/monsters/black_forest/mountain_wolf.png","attack-2","","490,262,36,34","","36","34","binary","0.5531045751633987","0.0","0.44689542483660133","0.0","0","255","113.95833333333333","490,262,36,34"
"assets/monsters/black_forest/mountain_wolf.png","attack-2","","832,186,33,37","","33","37","binary","0.5323505323505323","0.0","0.46764946764946763","0.0","0","255","119.25061425061425","832,186,33,37"
"assets/monsters/black_forest/mountain_wolf.png","attack-3","","561,0,12,43","","12","43","binary","0.3081395348837209","0.0","0.6918604651162791","0.0","0","255","176.42441860465115","561,0,12,43"
"assets/monsters/black_forest/mountain_wolf.png","attack-3","","148,0,12,45","","12","45","binary","0.32037037037037036","0.0","0.6796296296296296","0.0","0","255","173.30555555555554","148,0,12,45"
"assets/monsters/black_forest/mountain_wolf.png","attack-3","","91,0,13,46","","13","46","binary","0.3528428093645485","0.0","0.6471571906354515","0.0","0","255","165.02508361204013","91,0,13,46"
"assets/monsters/black_forest/mountain_wolf.png","attack-3","","878,144,13,39","","13","39","binary","0.398422090729783","0.0","0.6015779092702169","0.0","0","255","153.4023668639053","878,144,13,39"
"assets/monsters/black_forest/mountain_wolf.png","attack-3","","707,428,13,28","","13","28","binary","0.32142857142857145","0.0","0.6785714285714286","0.0","0","255","173.03571428571428","707,428,13,28"
"assets/monsters/black_forest/mountain_wolf.png","attack-3","","527,262,13,34","","13","34","binary","0.41402714932126694","0.0","0.5859728506787331","0.0","0","255","149.42307692307693","527,262,13,34"
"assets/monsters/black_forest/mountain_wolf.png","attack-3","","541,262,13,34","","13","34","binary","0.38235294117647056","0.0","0.6176470588235294","0.0","0","255","157.5","541,262,13,34"
"assets/monsters/black_forest/mountain_wolf.png","attack-3","","621,225,14,36","","14","36","binary","0.3551587301587302","0.0","0.6448412698412699","0.0","0","255","164.4345238095238","621,225,14,36"
"assets/monsters/black_forest/mountain_wolf.png","attack-3","","719,0,14,42","","14","42","binary","0.3826530612244898","0.0","0.6173469387755102","0.0","0","255","157.4234693877551","719,0,14,42"
"assets/monsters/black_forest/mountain_wolf.png","attack-4","","920,0,36,41","","36","41","binary","0.6165311653116531","0.0","0.38346883468834686","0.0","0","255","97.78455284552845","920,0,36,41"
"assets/monsters/black_forest/mountain_wolf.png","attack-4","","734,0,35,42","","35","42","binary","0.6081632653061224","0.0","0.39183673469387753","0.0","0","255","99.91836734693878","734,0,35,42"
"assets/monsters/black_forest/mountain_wolf.png","attack-4","","574,0,36,43","","36","43","binary","0.6214470284237726","0.0","0.3785529715762274","0.0","0","255","96.53100775193798","574,0,36,43"
"assets/monsters/black_forest/mountain_wolf.png","attack-4","","636,225,37,36","","37","36","binary","0.5773273273273273","0.0","0.42267267267267267","0.0","0","255","107.78153153153153","636,225,37,36"
"assets/monsters/black_forest/mountain_wolf.png","attack-4","","701,487,40,24","","40","24","binary","0.44375","0.0","0.55625","0.0","0","255","141.84375","701,487,40,24"
"assets/monsters/black_forest/mountain_wolf.png","attack-4","","519,458,38,27","","38","27","binary","0.48635477582846004","0.0","0.51364522417154","0.0","0","255","130.9795321637427","519,458,38,27"
"assets/monsters/black_forest/mountain_wolf.png","attack-4","","899,365,33,30","","33","30","binary","0.4626262626262626","0.0","0.5373737373737374","0.0","0","255","137.03030303030303","899,365,33,30"
"assets/monsters/black_forest/mountain_wolf.png","attack-4","","337,298,36,33","","36","33","binary","0.5227272727272727","0.0","0.4772727272727273","0.0","0","255","121.70454545454545","337,298,36,33"
"assets/monsters/black_forest/mountain_wolf.png","attack-4","","892,144,35,39","","35","39","binary","0.5838827838827839","0.0","0.41611721611721614","0.0","0","255","106.10989010989012","892,144,35,39"
"assets/monsters/black_forest/mountain_wolf.png","attack-5","","864,332,48,31","","48","31","binary","0.5201612903225806","0.0","0.4798387096774194","0.0","0","255","122.35887096774194","864,332,48,31"
"assets/monsters/black_forest/mountain_wolf.png","attack-5","","173,332,47,32","","47","32","binary","0.5259308510638298","0.0","0.4740691489361702","0.0","0","255","120.8876329787234","173,332,47,32"
"assets/monsters/black_forest/mountain_wolf.png","attack-5","","221,332,45,32","","45","32","binary","0.5263888888888889","0.0","0.4736111111111111","0.0","0","255","120.77083333333333","221,332,45,32"
"assets/monsters/black_forest/mountain_wolf.png","attack-5","","913,332,50,31","","50","31","binary","0.5548387096774193","0.0","0.44516129032258067","0.0","0","255","113.51612903225806","913,332,50,31"
"assets/monsters/black_forest/mountain_wolf.png","attack-5","","0,262,51,35","","51","35","binary","0.6078431372549019","0.0","0.39215686274509803","0.0","0","255","100.0","0,262,51,35"
"assets/monsters/black_forest/mountain_wolf.png","attack-5","","933,365,49,30","","49","30","binary","0.5530612244897959","0.0","0.44693877551020406","0.0","0","255","113.96938775510205","933,365,49,30"
"assets/monsters/black_forest/mountain_wolf.png","attack-5","","0,397,49,30","","49","30","binary","0.535374149659864","0.0","0.46462585034013604","0.0","0","255","118.4795918367347","0,397,49,30"
"assets/monsters/black_forest/mountain_wolf.png","attack-5","","721,428,46,28","","46","28","binary","0.4588509316770186","0.0","0.5411490683229814","0.0","0","255","137.99301242236024","721,428,46,28"
"assets/monsters/black_forest/mountain_wolf.png","attack-5","","972,397,45,29","","45","29","binary","0.4697318007662835","0.0","0.5302681992337165","0.0","0","255","135.2183908045977","972,397,45,29"
"assets/monsters/black_forest/mountain_wolf.png","attack-6","","866,186,36,37","","36","37","binary","0.5653153153153153","0.0","0.4346846846846847","0.0","0","255","110.8445945945946","866,186,36,37"
"assets/monsters/black_forest/mountain_wolf.png","attack-6","","674,225,35,36","","35","36","binary","0.5452380952380952","0.0","0.45476190476190476","0.0","0","255","115.96428571428571","674,225,35,36"
"assets/monsters/black_forest/mountain_wolf.png","attack-6","","267,332,35,32","","35","32","binary","0.5142857142857142","0.0","0.4857142857142857","0.0","0","255","123.85714285714286","267,332,35,32"
"assets/monsters/black_forest/mountain_wolf.png","attack-6","","957,0,36,41","","36","41","binary","0.6097560975609756","0.0","0.3902439024390244","0.0","0","255","99.51219512195122","957,0,36,41"
"assets/monsters/black_forest/mountain_wolf.png","attack-6","","161,0,40,45","","40","45","binary","0.6566666666666666","0.0","0.3433333333333333","0.0","0","255","87.55","161,0,40,45"
"assets/monsters/black_forest/mountain_wolf.png","attack-6","","770,0,40,42","","40","42","binary","0.6488095238095238","0.0","0.35119047619047616","0.0","0","255","89.55357142857143","770,0,40,42"
"assets/monsters/black_forest/mountain_wolf.png","attack-6","","0,144,42,41","","42","41","binary","0.648664343786295","0.0","0.351335656213705","0.0","0","255","89.59059233449477","0,144,42,41"
"assets/monsters/black_forest/mountain_wolf.png","attack-6","","330,186,35,38","","35","38","binary","0.5646616541353383","0.0","0.43533834586466164","0.0","0","255","111.01127819548873","330,186,35,38"
"assets/monsters/black_forest/mountain_wolf.png","attack-6","","374,298,33,33","","33","33","binary","0.5013774104683195","0.0","0.4986225895316804","0.0","0","255","127.14876033057851","374,298,33,33"
"assets/monsters/black_forest/mountain_wolf.png","attack-7","","928,144,12,39","","12","39","binary","0.2264957264957265","0.0","0.7735042735042735","0.0","0","255","197.24358974358975","928,144,12,39"
"assets/monsters/black_forest/mountain_wolf.png","attack-7","","366,186,12,38","","12","38","binary","0.22587719298245615","0.0","0.7741228070175439","0.0","0","255","197.40131578947367","366,186,12,38"
"assets/monsters/black_forest/mountain_wolf.png","attack-7","","555,262,13,34","","13","34","binary","0.27828054298642535","0.0","0.7217194570135747","0.0","0","255","184.03846153846155","555,262,13,34"
"assets/monsters/black_forest/mountain_wolf.png","attack-7","","202,0,12,45","","12","45","binary","0.21666666666666667","0.0","0.7833333333333333","0.0","0","255","199.75","202,0,12,45"
"assets/monsters/black_forest/mountain_wolf.png","attack-7","","78,0,12,50","","12","50","binary","0.21333333333333335","0.0","0.7866666666666666","0.0","0","255","200.6","78,0,12,50"
"assets/monsters/black_forest/mountain_wolf.png","attack-7","","105,0,14,46","","14","46","binary","0.3027950310559006","0.0","0.6972049689440993","0.0","0","255","177.78726708074535","105,0,14,46"
"assets/monsters/black_forest/mountain_wolf.png","attack-7","","215,0,14,45","","14","45","binary","0.319047619047619","0.0","0.680952380952381","0.0","0","255","173.64285714285714","215,0,14,45"
"assets/monsters/black_forest/mountain_wolf.png","attack-7","","811,0,15,42","","15","42","binary","0.3761904761904762","0.0","0.6238095238095238","0.0","0","255","159.07142857142858","811,0,15,42"
"assets/monsters/black_forest/mountain_wolf.png","attack-7","","903,186,14,37","","14","37","binary","0.31467181467181465","0.0","0.6853281853281853","0.0","0","255","174.75868725868725","903,186,14,37"
"assets/monsters/black_forest/mountain_wolf.png","death-0","","303,332,34,32","","34","32","binary","0.5238970588235294","0.0","0.47610294117647056","0.0","0","255","121.40625","303,332,34,32"
"assets/monsters/black_forest/mountain_wolf.png","death-0","","441,298,37,33","","37","33","binary","0.5511875511875511","0.0","0.4488124488124488","0.0","0","255","114.44717444717445","441,298,37,33"
"assets/monsters/black_forest/mountain_wolf.png","death-0","","628,262,40,34","","40","34","binary","0.6110294117647059","0.0","0.3889705882352941","0.0","0","255","99.1875","628,262,40,34"
"assets/monsters/black_forest/mountain_wolf.png","death-0","","464,487,44,25","","44","25","binary","0.5672727272727273","0.0","0.43272727272727274","0.0","0","255","110.34545454545454","464,487,44,25"
"assets/monsters/black_forest/mountain_wolf.png","death-0","","792,487,45,24","","45","24","binary","0.5731481481481482","0.0","0.42685185185185187","0.0","0","255","108.84722222222223","792,487,45,24"
"assets/monsters/black_forest/mountain_wolf.png","death-0","","929,487,41,23","","41","23","binary","0.4591728525980912","0.0","0.5408271474019088","0.0","0","255","137.91092258748674","929,487,41,23"
"assets/monsters/black_forest/mountain_wolf.png","death-0","","53,428,44,29","","44","29","binary","0.5626959247648903","0.0","0.4373040752351097","0.0","0","255","111.51253918495298","53,428,44,29"
"assets/monsters/black_forest/mountain_wolf.png","death-0","","608,458,46,27","","46","27","binary","0.5507246376811594","0.0","0.4492753623188406","0.0","0","255","114.56521739130434","608,458,46,27"
"assets/monsters/black_forest/mountain_wolf.png","death-0","","655,458,45,27","","45","27","binary","0.562962962962963","0.0","0.43703703703703706","0.0","0","255","111.44444444444444","655,458,45,27"
"assets/monsters/black_forest/mountain_wolf.png","death-1","","509,487,47,25","","47","25","binary","0.44765957446808513","0.0","0.5523404255319149","0.0","0","255","140.8468085106383","509,487,47,25"
"assets/monsters/black_forest/mountain_wolf.png","death-1","","128,487,47,26","","47","26","binary","0.4746317512274959","0.0","0.5253682487725041","0.0","0","255","133.96890343698854","128,487,47,26"
"assets/monsters/black_forest/mountain_wolf.png","death-1","","701,458,49,27","","49","27","binary","0.5563114134542706","0.0","0.4436885865457294","0.0","0","255","113.140589569161","701,458,49,27"
"assets/monsters/black_forest/mountain_wolf.png","death-1","","971,487,50,23","","50","23","binary","0.5530434782608695","0.0","0.4469565217391304","0.0","0","255","113.97391304347826","971,487,50,23"
"assets/monsters/black_forest/mountain_wolf.png","death-1","","307,515,50,19","","50","19","binary","0.4884210526315789","0.0","0.511578947368421","0.0","0","255","130.45263157894738","307,515,50,19"
"assets/monsters/black_forest/mountain_wolf.png","death-1","","101,515,45,21","","45","21","binary","0.3925925925925926","0.0","0.6074074074074074","0.0","0","255","154.88888888888889","101,515,45,21"
"assets/monsters/black_forest/mountain_wolf.png","death-1","","0,515,50,23","","50","23","binary","0.47739130434782606","0.0","0.5226086956521739","0.0","0","255","133.26521739130436","0,515,50,23"
"assets/monsters/black_forest/mountain_wolf.png","death-1","","200,515,52,20","","52","20","binary","0.4288461538461538","0.0","0.5711538461538461","0.0","0","255","145.64423076923077","200,515,52,20"
"assets/monsters/black_forest/mountain_wolf.png","death-1","","358,515,52,19","","52","19","binary","0.41194331983805665","0.0","0.5880566801619433","0.0","0","255","149.95445344129556","358,515,52,19"
"assets/monsters/black_forest/mountain_wolf.png","death-2","","95,397,40,30","","40","30","binary","0.5375","0.0","0.4625","0.0","0","255","117.9375","95,397,40,30"
"assets/monsters/black_forest/mountain_wolf.png","death-2","","751,458,38,27","","38","27","binary","0.5272904483430799","0.0","0.4727095516569201","0.0","0","255","120.54093567251462","751,458,38,27"
"assets/monsters/black_forest/mountain_wolf.png","death-2","","176,487,39,26","","39","26","binary","0.5631163708086785","0.0","0.4368836291913215","0.0","0","255","111.40532544378698","176,487,39,26"
"assets/monsters/black_forest/mountain_wolf.png","death-2","","838,487,41,24","","41","24","binary","0.608739837398374","0.0","0.391260162601626","0.0","0","255","99.77134146341463","838,487,41,24"
"assets/monsters/black_forest/mountain_wolf.png","death-2","","98,428,45,29","","45","29","binary","0.6911877394636016","0.0","0.3088122605363985","0.0","0","255","78.74712643678161","98,428,45,29"
"assets/monsters/black_forest/mountain_wolf.png","death-2","","144,428,39,29","","39","29","binary","0.5251989389920424","0.0","0.47480106100795755","0.0","0","255","121.07427055702918","144,428,39,29"
"assets/monsters/black_forest/mountain_wolf.png","death-2","","0,365,45,31","","45","31","binary","0.5935483870967742","0.0","0.4064516129032258","0.0","0","255","103.64516129032258","0,365,45,31"
"assets/monsters/black_forest/mountain_wolf.png","death-2","","216,487,49,26","","49","26","binary","0.5463108320251178","0.0","0.45368916797488223","0.0","0","255","115.69073783359498","216,487,49,26"
"assets/monsters/black_forest/mountain_wolf.png","death-2","","557,487,49,25","","49","25","binary","0.529795918367347","0.0","0.47020408163265304","0.0","0","255","119.90204081632653","557,487,49,25"
"assets/monsters/black_forest/mountain_wolf.png","death-3","","941,144,19,39","","19","39","binary","0.5290148448043185","0.0","0.4709851551956815","0.0","0","255","120.10121457489879","941,144,19,39"
"assets/monsters/black_forest/mountain_wolf.png","death-3","","669,262,19,34","","19","34","binary","0.3978328173374613","0.0","0.6021671826625387","0.0","0","255","153.55263157894737","669,262,19,34"
"assets/monsters/black_forest/mountain_wolf.png","death-3","","338,332,26,32","","26","32","binary","0.5420673076923077","0.0","0.4579326923076923","0.0","0","255","116.77283653846153","338,332,26,32"
"assets/monsters/black_forest/mountain_wolf.png","death-3","","365,332,33,32","","33","32","binary","0.5994318181818182","0.0","0.4005681818181818","0.0","0","255","102.14488636363636","365,332,33,32"
"assets/monsters/black_forest/mountain_wolf.png","death-3","","689,262,27,34","","27","34","binary","0.5098039215686274","0.0","0.49019607843137253","0.0","0","255","125.0","689,262,27,34"
"assets/monsters/black_forest/mountain_wolf.png","death-3","","96,262,29,35","","29","35","binary","0.47586206896551725","0.0","0.5241379310344828","0.0","0","255","133.6551724137931","96,262,29,35"
"assets/monsters/black_forest/mountain_wolf.png","death-3","","136,397,31,30","","31","30","binary","0.3967741935483871","0.0","0.603225806451613","0.0","0","255","153.82258064516128","136,397,31,30"
"assets/monsters/black_forest/mountain_wolf.png","death-3","","168,397,33,30","","33","30","binary","0.37777777777777777","0.0","0.6222222222222222","0.0","0","255","158.66666666666666","168,397,33,30"
"assets/monsters/black_forest/mountain_wolf.png","death-3","","184,428,33,29","","33","29","binary","0.3991640543364681","0.0","0.6008359456635318","0.0","0","255","153.2131661442006","184,428,33,29"
"assets/monsters/black_forest/mountain_wolf.png","death-4","","961,144,34,39","","34","39","binary","0.5897435897435898","0.0","0.41025641025641024","0.0","0","255","104.61538461538461","961,144,34,39"
"assets/monsters/black_forest/mountain_wolf.png","death-4","","479,298,37,33","","37","33","binary","0.5151515151515151","0.0","0.48484848484848486","0.0","0","255","123.63636363636364","479,298,37,33"
"assets/monsters/black_forest/mountain_wolf.png","death-4","","218,428,40,29","","40","29","binary","0.5025862068965518","0.0","0.4974137931034483","0.0","0","255","126.84051724137932","218,428,40,29"
"assets/monsters/black_forest/mountain_wolf.png","death-4","","259,428,44,29","","44","29","binary","0.5274294670846394","0.0","0.4725705329153605","0.0","0","255","120.50548589341693","259,428,44,29"
"assets/monsters/black_forest/mountain_wolf.png","death-4","","46,365,45,31","","45","31","binary","0.556989247311828","0.0","0.443010752688172","0.0","0","255","112.96774193548387","46,365,45,31"
"assets/monsters/black_forest/mountain_wolf.png","death-4","","517,298,40,33","","40","33","binary","0.5492424242424242","0.0","0.45075757575757575","0.0","0","255","114.94318181818181","517,298,40,33"
"assets/monsters/black_forest/mountain_wolf.png","death-4","","790,458,43,27","","43","27","binary","0.4900947459086994","0.0","0.5099052540913006","0.0","0","255","130.02583979328165","790,458,43,27"
"assets/monsters/black_forest/mountain_wolf.png","death-4","","866,428,46,28","","46","28","binary","0.4798136645962733","0.0","0.5201863354037267","0.0","0","255","132.6475155279503","866,428,46,28"
"assets/monsters/black_forest/mountain_wolf.png","death-4","","834,458,46,27","","46","27","binary","0.48389694041867953","0.0","0.5161030595813204","0.0","0","255","131.60628019323673","834,458,46,27"
"assets/monsters/black_forest/mountain_wolf.png","death-5","","92,365,46,31","","46","31","binary","0.5105189340813464","0.0","0.4894810659186536","0.0","0","255","124.81767180925667","92,365,46,31"
"assets/monsters/black_forest/mountain_wolf.png","death-5","","202,397,47,30","","47","30","binary","0.5340425531914894","0.0","0.46595744680851064","0.0","0","255","118.81914893617021","202,397,47,30"
"assets/monsters/black_forest/mountain_wolf.png","death-5","","913,428,48,28","","48","28","binary","0.5104166666666666","0.0","0.4895833333333333","0.0","0","255","124.84375","913,428,48,28"
"assets/monsters/black_forest/mountain_wolf.png","death-5","","266,487,50,26","","50","26","binary","0.47384615384615386","0.0","0.5261538461538462","0.0","0","255","134.16923076923078","266,487,50,26"
"assets/monsters/black_forest/mountain_wolf.png","death-5","","317,487,49,26","","49","26","binary","0.4827315541601256","0.0","0.5172684458398744","0.0","0","255","131.90345368916797","317,487,49,26"
"assets/monsters/black_forest/mountain_wolf.png","death-5","","881,458,45,27","","45","27","binary","0.5234567901234568","0.0","0.4765432098765432","0.0","0","255","121.51851851851852","881,458,45,27"
"assets/monsters/black_forest/mountain_wolf.png","death-5","","51,515,49,23","","49","23","binary","0.45430346051464066","0.0","0.5456965394853593","0.0","0","255","139.15261756876663","51,515,49,23"
"assets/monsters/black_forest/mountain_wolf.png","death-5","","147,515,52,21","","52","21","binary","0.36538461538461536","0.0","0.6346153846153846","0.0","0","255","161.82692307692307","147,515,52,21"
"assets/monsters/black_forest/mountain_wolf.png","death-5","","253,515,53,20","","53","20","binary","0.37169811320754714","0.0","0.6283018867924528","0.0","0","255","160.21698113207546","253,515,53,20"
"assets/monsters/black_forest/mountain_wolf.png","death-6","","126,262,39,35","","39","35","binary","0.575091575091575","0.0","0.4249084249084249","0.0","0","255","108.35164835164835","126,262,39,35"
"assets/monsters/black_forest/mountain_wolf.png","death-6","","710,225,39,36","","39","36","binary","0.6189458689458689","0.0","0.38105413105413105","0.0","0","255","97.16880341880342","710,225,39,36"
"assets/monsters/black_forest/mountain_wolf.png","death-6","","558,298,40,33","","40","33","binary","0.593939393939394","0.0","0.40606060606060607","0.0","0","255","103.54545454545455","558,298,40,33"
"assets/monsters/black_forest/mountain_wolf.png","death-6","","599,298,41,33","","41","33","binary","0.581670362158167","0.0","0.41832963784183297","0.0","0","255","106.6740576496674","599,298,41,33"
"assets/monsters/black_forest/mountain_wolf.png","death-6","","399,332,44,32","","44","32","binary","0.5987215909090909","0.0","0.4012784090909091","0.0","0","255","102.32599431818181","399,332,44,32"
"assets/monsters/black_forest/mountain_wolf.png","death-6","","304,428,43,29","","43","29","binary","0.5613472333600642","0.0","0.43865276663993585","0.0","0","255","111.85645549318365","304,428,43,29"
"assets/monsters/black_forest/mountain_wolf.png","death-6","","927,458,46,27","","46","27","binary","0.5595813204508857","0.0","0.44041867954911434","0.0","0","255","112.30676328502416","927,458,46,27"
"assets/monsters/black_forest/mountain_wolf.png","death-6","","962,428,49,28","","49","28","binary","0.5539358600583091","0.0","0.446064139941691","0.0","0","255","113.74635568513119","962,428,49,28"
"assets/monsters/black_forest/mountain_wolf.png","death-6","","0,487,50,27","","50","27","binary","0.5703703703703704","0.0","0.42962962962962964","0.0","0","255","109.55555555555556","0,487,50,27"
"assets/monsters/black_forest/mountain_wolf.png","death-7","","460,186,20,38","","20","38","binary","0.45526315789473687","0.0","0.5447368421052632","0.0","0","255","138.9078947368421","460,186,20,38"
"assets/monsters/black_forest/mountain_wolf.png","death-7","","939,186,21,37","","21","37","binary","0.4555984555984556","0.0","0.5444015444015444","0.0","0","255","138.82239382239382","939,186,21,37"
"assets/monsters/black_forest/mountain_wolf.png","death-7","","717,262,27,34","","27","34","binary","0.5729847494553377","0.0","0.42701525054466233","0.0","0","255","108.88888888888889","717,262,27,34"
"assets/monsters/black_forest/mountain_wolf.png","death-7","","641,298,31,33","","31","33","binary","0.6265884652981427","0.0","0.3734115347018573","0.0","0","255","95.2199413489736","641,298,31,33"
"assets/monsters/black_forest/mountain_wolf.png","death-7","","673,298,38,33","","38","33","binary","0.6570972886762361","0.0","0.34290271132376393","0.0","0","255","87.4401913875598","673,298,38,33"
"assets/monsters/black_forest/mountain_wolf.png","death-7","","51,487,29,27","","29","27","binary","0.3716475095785441","0.0","0.6283524904214559","0.0","0","255","160.22988505747125","51,487,29,27"
"assets/monsters/black_forest/mountain_wolf.png","death-7","","139,365,31,31","","31","31","binary","0.4557752341311134","0.0","0.5442247658688866","0.0","0","255","138.7773152965661","139,365,31,31"
"assets/monsters/black_forest/mountain_wolf.png","death-7","","0,0,77,143","","77","143","binary","0.9515938606847698","0.0","0.048406139315230225","0.0","0","255","12.343565525383708","0,0,77,143"
"assets/monsters/black_forest/mountain_wolf.png","death-7","","0,458,33,28","","33","28","binary","0.4512987012987013","0.0","0.5487012987012987","0.0","0","255","139.91883116883116","0,458,33,28"
"assets/monsters/black_forest/mountain_wolf.png","hurt-0","","964,332,33,31","","33","31","binary","0.512218963831867","0.0","0.48778103616813295","0.0","0","255","124.3841642228739","964,332,33,31"
"assets/monsters/black_forest/mountain_wolf.png","hurt-0","","569,262,36,34","","36","34","binary","0.5718954248366013","0.0","0.42810457516339867","0.0","0","255","109.16666666666667","569,262,36,34"
"assets/monsters/black_forest/mountain_wolf.png","hurt-1","","742,487,49,24","","49","24","binary","0.45068027210884354","0.0","0.5493197278911565","0.0","0","255","140.0765306122449","742,487,49,24"
"assets/monsters/black_forest/mountain_wolf.png","hurt-1","","0,428,52,29","","52","29","binary","0.5484084880636605","0.0","0.4515915119363395","0.0","0","255","115.15583554376659","0,428,52,29"
"assets/monsters/black_forest/mountain_wolf.png","hurt-2","","768,428,44,28","","44","28","binary","0.523538961038961","0.0","0.476461038961039","0.0","0","255","121.49756493506493","768,428,44,28"
"assets/monsters/black_forest/mountain_wolf.png","hurt-2","","50,397,44,30","","44","30","binary","0.5590909090909091","0.0","0.4409090909090909","0.0","0","255","112.43181818181819","50,397,44,30"
"assets/monsters/black_forest/mountain_wolf.png","hurt-3","","606,262,21,34","","21","34","binary","0.44677871148459386","0.0","0.5532212885154062","0.0","0","255","141.07142857142858","606,262,21,34"
"assets/monsters/black_forest/mountain_wolf.png","hurt-3","","357,144,19,40","","19","40","binary","0.5013157894736842","0.0","0.4986842105263158","0.0","0","255","127.16447368421052","357,144,19,40"
"assets/monsters/black_forest/mountain_wolf.png","hurt-4","","408,298,32,33","","32","33","binary","0.5265151515151515","0.0","0.4734848484848485","0.0","0","255","120.73863636363636","408,298,32,33"
"assets/monsters/black_forest/mountain_wolf.png","hurt-4","","379,186,34,38","","34","38","binary","0.5928792569659442","0.0","0.4071207430340557","0.0","0","255","103.8157894736842","379,186,34,38"
"assets/monsters/black_forest/mountain_wolf.png","hurt-5","","558,458,49,27","","49","27","binary","0.4988662131519274","0.0","0.5011337868480725","0.0","0","255","127.78911564625851","558,458,49,27"
"assets/monsters/black_forest/mountain_wolf.png","hurt-5","","813,428,52,28","","52","28","binary","0.5384615384615384","0.0","0.46153846153846156","0.0","0","255","117.6923076923077","813,428,52,28"
"assets/monsters/black_forest/mountain_wolf.png","hurt-6","","52,262,43,35","","43","35","binary","0.6345514950166113","0.0","0.3654485049833887","0.0","0","255","93.18936877076412","52,262,43,35"
"assets/monsters/black_forest/mountain_wolf.png","hurt-6","","414,186,45,38","","45","38","binary","0.6760233918128655","0.0","0.32397660818713453","0.0","0","255","82.6140350877193","414,186,45,38"
"assets/monsters/black_forest/mountain_wolf.png","hurt-7","","918,186,20,37","","20","37","binary","0.49864864864864866","0.0","0.5013513513513513","0.0","0","255","127.8445945945946","918,186,20,37"
"assets/monsters/black_forest/mountain_wolf.png","hurt-7","","827,0,19,42","","19","42","binary","0.5375939849624061","0.0","0.462406015037594","0.0","0","255","117.91353383458646","827,0,19,42"
"assets/monsters/black_forest/mountain_wolf.png","idle-0","","363,365,34,30","","34","30","binary","0.4441176470588235","0.0","0.5558823529411765","0.0","0","255","141.75","363,365,34,30"
"assets/monsters/black_forest/mountain_wolf.png","idle-0","","348,428,33,28","","33","28","binary","0.4145021645021645","0.0","0.5854978354978355","0.0","0","255","149.30194805194805","348,428,33,28"
"assets/monsters/black_forest/mountain_wolf.png","idle-0","","443,397,33,29","","33","29","binary","0.46290491118077326","0.0","0.5370950888192267","0.0","0","255","136.95924764890282","443,397,33,29"
"assets/monsters/black_forest/mountain_wolf.png","idle-0","","398,365,33,30","","33","30","binary","0.47878787878787876","0.0","0.5212121212121212","0.0","0","255","132.9090909090909","398,365,33,30"
"assets/monsters/black_forest/mountain_wolf.png","idle-0","","432,365,34,30","","34","30","binary","0.47058823529411764","0.0","0.5294117647058824","0.0","0","255","135.0","432,365,34,30"
"assets/monsters/black_forest/mountain_wolf.png","idle-0","","964,262,35,33","","35","33","binary","0.5038961038961038","0.0","0.4961038961038961","0.0","0","255","126.50649350649351","964,262,35,33"
"assets/monsters/black_forest/mountain_wolf.png","idle-0","","0,298,34,33","","34","33","binary","0.5080213903743316","0.0","0.4919786096256685","0.0","0","255","125.45454545454545","0,298,34,33"
"assets/monsters/black_forest/mountain_wolf.png","idle-1","","180,458,47,27","","47","27","binary","0.4594168636721828","0.0","0.5405831363278172","0.0","0","255","137.84869976359337","180,458,47,27"
"assets/monsters/black_forest/mountain_wolf.png","idle-1","","477,397,44,29","","44","29","binary","0.4882445141065831","0.0","0.5117554858934169","0.0","0","255","130.4976489028213","477,397,44,29"
"assets/monsters/black_forest/mountain_wolf.png","idle-1","","228,458,43,27","","43","27","binary","0.4392764857881137","0.0","0.5607235142118863","0.0","0","255","142.984496124031","228,458,43,27"
"assets/monsters/black_forest/mountain_wolf.png","idle-1","","655,487,45,24","","45","24","binary","0.38981481481481484","0.0","0.6101851851851852","0.0","0","255","155.59722222222223","655,487,45,24"
"assets/monsters/black_forest/mountain_wolf.png","idle-1","","81,487,46,26","","46","26","binary","0.4423076923076923","0.0","0.5576923076923077","0.0","0","255","142.21153846153845","81,487,46,26"
"assets/monsters/black_forest/mountain_wolf.png","idle-1","","382,428,49,28","","49","28","binary","0.48760932944606417","0.0","0.5123906705539358","0.0","0","255","130.65962099125363","382,428,49,28"
"assets/monsters/black_forest/mountain_wolf.png","idle-1","","272,458,48,27","","48","27","binary","0.4675925925925926","0.0","0.5324074074074074","0.0","0","255","135.76388888888889","272,458,48,27"
"assets/monsters/black_forest/mountain_wolf.png","idle-2","","220,225,36,36","","36","36","binary","0.5733024691358025","0.0","0.42669753086419754","0.0","0","255","108.80787037037037","220,225,36,36"
"assets/monsters/black_forest/mountain_wolf.png","idle-2","","257,225,35,36","","35","36","binary","0.5674603174603174","0.0","0.43253968253968256","0.0","0","255","110.29761904761905","257,225,35,36"
"assets/monsters/black_forest/mountain_wolf.png","idle-2","","293,225,36,36","","36","36","binary","0.5686728395061729","0.0","0.43132716049382713","0.0","0","255","109.98842592592592","293,225,36,36"
"assets/monsters/black_forest/mountain_wolf.png","idle-2","","272,262,37,34","","37","34","binary","0.5627980922098569","0.0","0.43720190779014306","0.0","0","255","111.48648648648648","272,262,37,34"
"assets/monsters/black_forest/mountain_wolf.png","idle-2","","330,225,37,36","","37","36","binary","0.5825825825825826","0.0","0.4174174174174174","0.0","0","255","106.44144144144144","330,225,37,36"
"assets/monsters/black_forest/mountain_wolf.png","idle-2","","647,186,39,37","","39","37","binary","0.5911295911295912","0.0","0.4088704088704089","0.0","0","255","104.26195426195426","647,186,39,37"
"assets/monsters/black_forest/mountain_wolf.png","idle-2","","368,225,40,36","","40","36","binary","0.5895833333333333","0.0","0.41041666666666665","0.0","0","255","104.65625","368,225,40,36"
"assets/monsters/black_forest/mountain_wolf.png","idle-3","","329,0,12,43","","12","43","binary","0.28488372093023256","0.0","0.7151162790697675","0.0","0","255","182.3546511627907","329,0,12,43"
"assets/monsters/black_forest/mountain_wolf.png","idle-3","","677,0,12,42","","12","42","binary","0.26587301587301587","0.0","0.7341269841269841","0.0","0","255","187.20238095238096","677,0,12,42"
"assets/monsters/black_forest/mountain_wolf.png","idle-3","","342,0,14,43","","14","43","binary","0.37209302325581395","0.0","0.627906976744186","0.0","0","255","160.11627906976744","342,0,14,43"
"assets/monsters/black_forest/mountain_wolf.png","idle-3","","690,0,14,42","","14","42","binary","0.38095238095238093","0.0","0.6190476190476191","0.0","0","255","157.85714285714286","690,0,14,42"
"assets/monsters/black_forest/mountain_wolf.png","idle-3","","357,0,12,43","","12","43","binary","0.2926356589147287","0.0","0.7073643410852714","0.0","0","255","180.37790697674419","357,0,12,43"
"assets/monsters/black_forest/mountain_wolf.png","idle-3","","370,0,12,43","","12","43","binary","0.3003875968992248","0.0","0.6996124031007752","0.0","0","255","178.40116279069767","370,0,12,43"
"assets/monsters/black_forest/mountain_wolf.png","idle-3","","383,0,14,43","","14","43","binary","0.38205980066445183","0.0","0.6179401993355482","0.0","0","255","157.5747508305648","383,0,14,43"
"assets/monsters/black_forest/mountain_wolf.png","idle-4","","96,144,34,40","","34","40","binary","0.5764705882352941","0.0","0.4235294117647059","0.0","0","255","108.0","96,144,34,40"
"assets/monsters/black_forest/mountain_wolf.png","idle-4","","563,144,34,39","","34","39","binary","0.5897435897435898","0.0","0.41025641025641024","0.0","0","255","104.61538461538461","563,144,34,39"
"assets/monsters/black_forest/mountain_wolf.png","idle-4","","131,144,33,40","","33","40","binary","0.5863636363636363","0.0","0.41363636363636364","0.0","0","255","105.47727272727273","131,144,33,40"
"assets/monsters/black_forest/mountain_wolf.png","idle-4","","165,144,33,40","","33","40","binary","0.578030303030303","0.0","0.421969696969697","0.0","0","255","107.60227272727273","165,144,33,40"
"assets/monsters/black_forest/mountain_wolf.png","idle-4","","199,144,33,40","","33","40","binary","0.5742424242424242","0.0","0.4257575757575758","0.0","0","255","108.56818181818181","199,144,33,40"
"assets/monsters/black_forest/mountain_wolf.png","idle-4","","233,144,34,40","","34","40","binary","0.5948529411764706","0.0","0.4051470588235294","0.0","0","255","103.3125","233,144,34,40"
"assets/monsters/black_forest/mountain_wolf.png","idle-4","","268,144,35,40","","35","40","binary","0.6071428571428571","0.0","0.39285714285714285","0.0","0","255","100.17857142857143","268,144,35,40"
"assets/monsters/black_forest/mountain_wolf.png","idle-5","","522,397,47,29","","47","29","binary","0.49082905355832723","0.0","0.5091709464416728","0.0","0","255","129.83859134262656","522,397,47,29"
"assets/monsters/black_forest/mountain_wolf.png","idle-5","","432,428,44,28","","44","28","binary","0.4650974025974026","0.0","0.5349025974025974","0.0","0","255","136.40016233766235","432,428,44,28"
"assets/monsters/black_forest/mountain_wolf.png","idle-5","","467,365,44,30","","44","30","binary","0.49242424242424243","0.0","0.5075757575757576","0.0","0","255","129.4318181818182","467,365,44,30"
"assets/monsters/black_forest/mountain_wolf.png","idle-5","","570,397,44,29","","44","29","binary","0.4647335423197492","0.0","0.5352664576802508","0.0","0","255","136.49294670846396","570,397,44,29"
"assets/monsters/black_forest/mountain_wolf.png","idle-5","","615,397,45,29","","45","29","binary","0.47432950191570883","0.0","0.5256704980842912","0.0","0","255","134.04597701149424","615,397,45,29"
"assets/monsters/black_forest/mountain_wolf.png","idle-5","","321,458,49,27","","49","27","binary","0.4708994708994709","0.0","0.5291005291005291","0.0","0","255","134.9206349206349","321,458,49,27"
"assets/monsters/black_forest/mountain_wolf.png","idle-5","","661,397,49,29","","49","29","binary","0.5080928923293455","0.0","0.4919071076706545","0.0","0","255","125.43631245601689","661,397,49,29"
"assets/monsters/black_forest/mountain_wolf.png","idle-6","","35,298,36,33","","36","33","binary","0.5395622895622896","0.0","0.4604377104377104","0.0","0","255","117.41161616161617","35,298,36,33"
"assets/monsters/black_forest/mountain_wolf.png","idle-6","","493,332,35,31","","35","31","binary","0.5050691244239631","0.0","0.4949308755760369","0.0","0","255","126.2073732718894","493,332,35,31"
"assets/monsters/black_forest/mountain_wolf.png","idle-6","","808,298,37,32","","37","32","binary","0.5337837837837838","0.0","0.46621621621621623","0.0","0","255","118.88513513513513","808,298,37,32"
"assets/monsters/black_forest/mountain_wolf.png","idle-6","","846,298,37,32","","37","32","binary","0.5320945945945946","0.0","0.46790540540540543","0.0","0","255","119.31587837837837","846,298,37,32"
"assets/monsters/black_forest/mountain_wolf.png","idle-6","","884,298,37,32","","37","32","binary","0.5337837837837838","0.0","0.46621621621621623","0.0","0","255","118.88513513513513","884,298,37,32"
"assets/monsters/black_forest/mountain_wolf.png","idle-6","","826,225,38,35","","38","35","binary","0.5691729323308271","0.0","0.43082706766917295","0.0","0","255","109.8609022556391","826,225,38,35"
"assets/monsters/black_forest/mountain_wolf.png","idle-6","","865,225,40,35","","40","35","binary","0.5878571428571429","0.0","0.41214285714285714","0.0","0","255","105.09642857142858","865,225,40,35"
"assets/monsters/black_forest/mountain_wolf.png","idle-7","","409,225,12,36","","12","36","binary","0.2152777777777778","0.0","0.7847222222222222","0.0","0","255","200.10416666666666","409,225,12,36"
"assets/monsters/black_forest/mountain_wolf.png","idle-7","","310,262,12,34","","12","34","binary","0.21568627450980393","0.0","0.7843137254901961","0.0","0","255","200.0","310,262,12,34"
"assets/monsters/black_forest/mountain_wolf.png","idle-7","","323,262,14,34","","14","34","binary","0.3025210084033613","0.0","0.6974789915966386","0.0","0","255","177.85714285714286","323,262,14,34"
"assets/monsters/black_forest/mountain_wolf.png","idle-7","","906,225,15,35","","15","35","binary","0.3485714285714286","0.0","0.6514285714285715","0.0","0","255","166.11428571428573","906,225,15,35"
"assets/monsters/black_forest/mountain_wolf.png","idle-7","","922,225,13,35","","13","35","binary","0.27472527472527475","0.0","0.7252747252747253","0.0","0","255","184.94505494505495","922,225,13,35"
"assets/monsters/black_forest/mountain_wolf.png","idle-7","","135,186,12,38","","12","38","binary","0.2236842105263158","0.0","0.7763157894736842","0.0","0","255","197.96052631578948","135,186,12,38"
"assets/monsters/black_forest/mountain_wolf.png","idle-7","","148,186,14,38","","14","38","binary","0.31203007518796994","0.0","0.6879699248120301","0.0","0","255","175.43233082706766","148,186,14,38"
"assets/monsters/black_forest/mountain_wolf.png","walk-0","","750,225,38,35","","38","35","binary","0.5541353383458647","0.0","0.44586466165413535","0.0","0","255","113.69548872180451","750,225,38,35"
"assets/monsters/black_forest/mountain_wolf.png","walk-0","","166,262,36,34","","36","34","binary","0.5187908496732027","0.0","0.4812091503267974","0.0","0","255","122.70833333333333","166,262,36,34"
"assets/monsters/black_forest/mountain_wolf.png","walk-0","","961,186,36,36","","36","36","binary","0.5432098765432098","0.0","0.4567901234567901","0.0","0","255","116.48148148148148","961,186,36,36"
"assets/monsters/black_forest/mountain_wolf.png","walk-0","","0,225,35,36","","35","36","binary","0.5507936507936508","0.0","0.4492063492063492","0.0","0","255","114.54761904761905","0,225,35,36"
"assets/monsters/black_forest/mountain_wolf.png","walk-0","","481,186,35,37","","35","37","binary","0.5667953667953668","0.0","0.4332046332046332","0.0","0","255","110.46718146718146","481,186,35,37"
"assets/monsters/black_forest/mountain_wolf.png","walk-0","","36,225,34,36","","34","36","binary","0.5408496732026143","0.0","0.4591503267973856","0.0","0","255","117.08333333333333","36,225,34,36"
"assets/monsters/black_forest/mountain_wolf.png","walk-0","","203,262,32,34","","32","34","binary","0.48621323529411764","0.0","0.5137867647058824","0.0","0","255","131.015625","203,262,32,34"
"assets/monsters/black_forest/mountain_wolf.png","walk-0","","745,262,35,33","","35","33","binary","0.5281385281385281","0.0","0.47186147186147187","0.0","0","255","120.32467532467533","745,262,35,33"
"assets/monsters/black_forest/mountain_wolf.png","walk-1","","34,458,49,27","","49","27","binary","0.46787603930461075","0.0","0.5321239606953893","0.0","0","255","135.69160997732428","34,458,49,27"
"assets/monsters/black_forest/mountain_wolf.png","walk-1","","250,397,49,29","","49","29","binary","0.5292047853624209","0.0","0.4707952146375792","0.0","0","255","120.05277973258269","250,397,49,29"
"assets/monsters/black_forest/mountain_wolf.png","walk-1","","712,298,46,32","","46","32","binary","0.5672554347826086","0.0","0.4327445652173913","0.0","0","255","110.34986413043478","712,298,46,32"
"assets/monsters/black_forest/mountain_wolf.png","walk-1","","171,365,46,30","","46","30","binary","0.5014492753623189","0.0","0.4985507246376812","0.0","0","255","127.1304347826087","171,365,46,30"
"assets/monsters/black_forest/mountain_wolf.png","walk-1","","300,397,47,29","","47","29","binary","0.4944974321349963","0.0","0.5055025678650037","0.0","0","255","128.90315480557592","300,397,47,29"
"assets/monsters/black_forest/mountain_wolf.png","walk-1","","348,397,47,29","","47","29","binary","0.5135730007336757","0.0","0.48642699926632427","0.0","0","255","124.0388848129127","348,397,47,29"
"assets/monsters/black_forest/mountain_wolf.png","walk-1","","396,397,46,29","","46","29","binary","0.5217391304347826","0.0","0.4782608695652174","0.0","0","255","121.95652173913044","396,397,46,29"
"assets/monsters/black_forest/mountain_wolf.png","walk-1","","367,487,48,25","","48","25","binary","0.44583333333333336","0.0","0.5541666666666667","0.0","0","255","141.3125","367,487,48,25"
"assets/monsters/black_forest/mountain_wolf.png","walk-2","","517,186,38,37","","38","37","binary","0.60099573257468","0.0","0.3990042674253201","0.0","0","255","101.74608819345661","517,186,38,37"
"assets/monsters/black_forest/mountain_wolf.png","walk-2","","556,186,37,37","","37","37","binary","0.5858290723155588","0.0","0.4141709276844412","0.0","0","255","105.61358655953251","556,186,37,37"
"assets/monsters/black_forest/mountain_wolf.png","walk-2","","377,144,33,39","","33","39","binary","0.5586635586635587","0.0","0.44133644133644134","0.0","0","255","112.54079254079254","377,144,33,39"
"assets/monsters/black_forest/mountain_wolf.png","walk-2","","0,186,34,38","","34","38","binary","0.5580495356037152","0.0","0.4419504643962848","0.0","0","255","112.69736842105263","0,186,34,38"
"assets/monsters/black_forest/mountain_wolf.png","walk-2","","43,144,37,40","","37","40","binary","0.6141891891891892","0.0","0.3858108108108108","0.0","0","255","98.38175675675676","43,144,37,40"
"assets/monsters/black_forest/mountain_wolf.png","walk-2","","411,144,35,39","","35","39","binary","0.567032967032967","0.0","0.432967032967033","0.0","0","255","110.4065934065934","411,144,35,39"
"assets/monsters/black_forest/mountain_wolf.png","walk-2","","35,186,37,38","","37","38","binary","0.5889046941678521","0.0","0.41109530583214793","0.0","0","255","104.82930298719772","35,186,37,38"
"assets/monsters/black_forest/mountain_wolf.png","walk-2","","781,262,37,33","","37","33","binary","0.5561015561015561","0.0","0.4438984438984439","0.0","0","255","113.19410319410319","781,262,37,33"
"assets/monsters/black_forest/mountain_wolf.png","walk-3","","230,0,15,44","","15","44","binary","0.44545454545454544","0.0","0.5545454545454546","0.0","0","255","141.4090909090909","230,0,15,44"
"assets/monsters/black_forest/mountain_wolf.png","walk-3","","246,0,14,44","","14","44","binary","0.37987012987012986","0.0","0.6201298701298701","0.0","0","255","158.13311688311688","246,0,14,44"
"assets/monsters/black_forest/mountain_wolf.png","walk-3","","611,0,13,42","","13","42","binary","0.30952380952380953","0.0","0.6904761904761905","0.0","0","255","176.07142857142858","611,0,13,42"
"assets/monsters/black_forest/mountain_wolf.png","walk-3","","847,0,12,41","","12","41","binary","0.28252032520325204","0.0","0.717479674796748","0.0","0","255","182.95731707317074","847,0,12,41"
"assets/monsters/black_forest/mountain_wolf.png","walk-3","","275,0,15,43","","15","43","binary","0.4263565891472868","0.0","0.5736434108527132","0.0","0","255","146.27906976744185","275,0,15,43"
"assets/monsters/black_forest/mountain_wolf.png","walk-3","","625,0,14,42","","14","42","binary","0.37244897959183676","0.0","0.6275510204081632","0.0","0","255","160.02551020408163","625,0,14,42"
"assets/monsters/black_forest/mountain_wolf.png","walk-3","","860,0,13,41","","13","41","binary","0.30393996247654786","0.0","0.6960600375234521","0.0","0","255","177.4953095684803","860,0,13,41"
"assets/monsters/black_forest/mountain_wolf.png","walk-3","","874,0,16,41","","16","41","binary","0.4405487804878049","0.0","0.5594512195121951","0.0","0","255","142.66006097560975","874,0,16,41"
"assets/monsters/black_forest/mountain_wolf.png","walk-4","","291,0,37,43","","37","43","binary","0.6360779384035198","0.0","0.3639220615964802","0.0","0","255","92.80012570710245","291,0,37,43"
"assets/monsters/black_forest/mountain_wolf.png","walk-4","","640,0,36,42","","36","42","binary","0.6137566137566137","0.0","0.3862433862433862","0.0","0","255","98.4920634920635","640,0,36,42"
"assets/monsters/black_forest/mountain_wolf.png","walk-4","","447,144,36,39","","36","39","binary","0.5811965811965812","0.0","0.4188034188034188","0.0","0","255","106.7948717948718","447,144,36,39"
"assets/monsters/black_forest/mountain_wolf.png","walk-4","","819,262,36,33","","36","33","binary","0.5336700336700336","0.0","0.4663299663299663","0.0","0","255","118.91414141414141","819,262,36,33"
"assets/monsters/black_forest/mountain_wolf.png","walk-4","","71,225,36,36","","36","36","binary","0.5756172839506173","0.0","0.4243827160493827","0.0","0","255","108.2175925925926","71,225,36,36"
"assets/monsters/black_forest/mountain_wolf.png","walk-4","","108,225,35,36","","35","36","binary","0.5642857142857143","0.0","0.4357142857142857","0.0","0","255","111.10714285714286","108,225,35,36"
"assets/monsters/black_forest/mountain_wolf.png","walk-4","","73,186,33,38","","33","38","binary","0.5542264752791068","0.0","0.44577352472089316","0.0","0","255","113.67224880382776","73,186,33,38"
"assets/monsters/black_forest/mountain_wolf.png","walk-4","","484,144,34,39","","34","39","binary","0.5693815987933635","0.0","0.4306184012066365","0.0","0","255","109.8076923076923","484,144,34,39"
"assets/monsters/black_forest/mountain_wolf.png","walk-5","","218,365,49,30","","49","30","binary","0.5156462585034014","0.0","0.48435374149659866","0.0","0","255","123.51020408163265","218,365,49,30"
"assets/monsters/black_forest/mountain_wolf.png","walk-5","","759,298,48,32","","48","32","binary","0.5638020833333334","0.0","0.4361979166666667","0.0","0","255","111.23046875","759,298,48,32"
"assets/monsters/black_forest/mountain_wolf.png","walk-5","","268,365,46,30","","46","30","binary","0.5391304347826087","0.0","0.4608695652173913","0.0","0","255","117.52173913043478","268,365,46,30"
"assets/monsters/black_forest/mountain_wolf.png","walk-5","","607,487,47,24","","47","24","binary","0.4033687943262411","0.0","0.5966312056737588","0.0","0","255","152.1409574468085","607,487,47,24"
"assets/monsters/black_forest/mountain_wolf.png","walk-5","","84,458,47,27","","47","27","binary","0.4562647754137116","0.0","0.5437352245862884","0.0","0","255","138.65248226950354","84,458,47,27"
"assets/monsters/black_forest/mountain_wolf.png","walk-5","","132,458,47,27","","47","27","binary","0.475177304964539","0.0","0.524822695035461","0.0","0","255","133.82978723404256","132,458,47,27"
"assets/monsters/black_forest/mountain_wolf.png","walk-5","","315,365,47,30","","47","30","binary","0.5524822695035461","0.0","0.4475177304964539","0.0","0","255","114.11702127659575","315,365,47,30"
"assets/monsters/black_forest/mountain_wolf.png","walk-5","","444,332,48,31","","48","31","binary","0.5342741935483871","0.0","0.4657258064516129","0.0","0","255","118.7600806451613","444,332,48,31"
"assets/monsters/black_forest/mountain_wolf.png","walk-6","","594,186,38,37","","38","37","binary","0.5867709815078236","0.0","0.4132290184921764","0.0","0","255","105.37339971550497","594,186,38,37"
"assets/monsters/black_forest/mountain_wolf.png","walk-6","","144,225,36,36","","36","36","binary","0.5555555555555556","0.0","0.4444444444444444","0.0","0","255","113.33333333333333","144,225,36,36"
"assets/monsters/black_forest/mountain_wolf.png","walk-6","","856,262,32,33","","32","33","binary","0.4640151515151515","0.0","0.5359848484848485","0.0","0","255","136.67613636363637","856,262,32,33"
"assets/monsters/black_forest/mountain_wolf.png","walk-6","","889,262,35,33","","35","33","binary","0.5186147186147186","0.0","0.48138528138528136","0.0","0","255","122.75324675324676","889,262,35,33"
"assets/monsters/black_forest/mountain_wolf.png","walk-6","","925,262,38,33","","38","33","binary","0.532695374800638","0.0","0.46730462519936206","0.0","0","255","119.16267942583733","925,262,38,33"
"assets/monsters/black_forest/mountain_wolf.png","walk-6","","236,262,35,34","","35","34","binary","0.5109243697478991","0.0","0.4890756302521008","0.0","0","255","124.71428571428571","236,262,35,34"
"assets/monsters/black_forest/mountain_wolf.png","walk-6","","789,225,36,35","","36","35","binary","0.5261904761904762","0.0","0.4738095238095238","0.0","0","255","120.82142857142857","789,225,36,35"
"assets/monsters/black_forest/mountain_wolf.png","walk-6","","181,225,38,36","","38","36","binary","0.5884502923976608","0.0","0.41154970760233917","0.0","0","255","104.9451754385965","181,225,38,36"
"assets/monsters/black_forest/mountain_wolf.png","walk-7","","891,0,14,41","","14","41","binary","0.3501742160278746","0.0","0.6498257839721254","0.0","0","255","165.705574912892","891,0,14,41"
"assets/monsters/black_forest/mountain_wolf.png","walk-7","","519,144,13,39","","13","39","binary","0.28007889546351084","0.0","0.7199211045364892","0.0","0","255","183.57988165680473","519,144,13,39"
"assets/monsters/black_forest/mountain_wolf.png","walk-7","","633,186,13,37","","13","37","binary","0.25571725571725573","0.0","0.7442827442827443","0.0","0","255","189.7920997920998","633,186,13,37"
"assets/monsters/black_forest/mountain_wolf.png","walk-7","","533,144,13,39","","13","39","binary","0.28402366863905326","0.0","0.7159763313609467","0.0","0","255","182.57396449704143","533,144,13,39"
"assets/monsters/black_forest/mountain_wolf.png","walk-7","","81,144,14,40","","14","40","binary","0.3375","0.0","0.6625","0.0","0","255","168.9375","81,144,14,40"
"assets/monsters/black_forest/mountain_wolf.png","walk-7","","107,186,13,38","","13","38","binary","0.26720647773279355","0.0","0.7327935222672065","0.0","0","255","186.86234817813767","107,186,13,38"
"assets/monsters/black_forest/mountain_wolf.png","walk-7","","121,186,13,38","","13","38","binary","0.2834008097165992","0.0","0.7165991902834008","0.0","0","255","182.7327935222672","121,186,13,38"
"assets/monsters/black_forest/mountain_wolf.png","walk-7","","547,144,15,39","","15","39","binary","0.35384615384615387","0.0","0.6461538461538462","0.0","0","255","164.76923076923077","547,144,15,39"