"path","sha256","format","references","usageStatus","screens","states","sourcePath","publishedPath","expectedTransparency","finding","priority","verificationStatus","width","height","alphaType","alpha0Ratio","alphaPartialRatio","alpha255Ratio","partialVisibleRatio","minAlpha","maxAlpha","meanAlpha","visibleBounds","pngBitDepth","pngColorType"
"android/app/src/main/res/drawable-v21/background.png","4de450ed61a1312646d787411a47a6126dff9486a2702b38c702fa123ae5cd91","png","web/index.html;ios/Runner/Assets.xcassets/LaunchBackground.imageset/Contents.json","platform resource declaration / generated variant","platform launcher/splash","normal; inspect state-specific rendering","android/app/src/main/res/drawable-v21/background.png","android/app/src/main/res/drawable-v21/background.png","platform icon or splash alpha; native runtime not tested","no alpha defect identified by pixel scan; intended transparency preserved","P1","all pixels decoded ; not in tested Flutter bundle; contact sheet inspection for assets; no live-world claim","1","1","opaque","0.0","0.0","1.0","0.0","255","255","255.0","0,0,1,1","8","2"
"android/app/src/main/res/drawable-v21/launch_bg.png","e5f8a0814bc6be2e015a02be3484485ec4ac973023085871c51ae0dd6ec4c07f","png","lib/ui/layout/xaml/specs/account_ui_spec.dart;lib/ui/layout/xaml/specs/loading_ui_spec.dart;assets/ui/xaml/assets.xaml;pubspec.yaml","platform resource declaration / generated variant","platform launcher/splash","normal; inspect state-specific rendering","android/app/src/main/res/drawable-v21/launch_bg.png","android/app/src/main/res/drawable-v21/launch_bg.png","platform icon or splash alpha; native runtime not tested","no alpha defect identified by pixel scan; intended transparency preserved","P1","all pixels decoded ; not in tested Flutter bundle; contact sheet inspection for assets; no live-world claim","1408","768","opaque","0.0","0.0","1.0","0.0","255","255","255.0","0,0,1408,768","8","6"
"android/app/src/main/res/drawable/background.png","4de450ed61a1312646d787411a47a6126dff9486a2702b38c702fa123ae5cd91","png","web/index.html;ios/Runner/Assets.xcassets/LaunchBackground.imageset/Contents.json","platform resource declaration / generated variant","platform launcher/splash","normal; inspect state-specific rendering","android/app/src/main/res/drawable/background.png","android/app/src/main/res/drawable/background.png","platform icon or splash alpha; native runtime not tested","no alpha defect identified by pixel scan; intended transparency preserved","P1","all pixels decoded ; not in tested Flutter bundle; contact sheet inspection for assets; no live-world claim","1","1","opaque","0.0","0.0","1.0","0.0","255","255","255.0","0,0,1,1","8","2"
"android/app/src/main/res/drawable/launch_image.png","e5f8a0814bc6be2e015a02be3484485ec4ac973023085871c51ae0dd6ec4c07f","png","","platform resource declaration / generated variant","platform launcher/splash","normal; inspect state-specific rendering","android/app/src/main/res/drawable/launch_image.png","android/app/src/main/res/drawable/launch_image.png","platform icon or splash alpha; native runtime not tested","no alpha defect identified by pixel scan; intended transparency preserved","P1","all pixels decoded ; not in tested Flutter bundle; contact sheet inspection for assets; no live-world claim","1408","768","opaque","0.0","0.0","1.0","0.0","255","255","255.0","0,0,1408,768","8","6"
"android/app/src/main/res/mipmap-hdpi/ic_launcher.png","6a7c8f0d703e3682108f9662f813302236240d3f8f638bb391e32bfb96055fef","png","","platform resource declaration / generated variant","platform launcher/splash","normal; inspect state-specific rendering","android/app/src/main/res/mipmap-hdpi/ic_launcher.png","android/app/src/main/res/mipmap-hdpi/ic_launcher.png","platform icon or splash alpha; native runtime not tested","no alpha defect identified by pixel scan; intended transparency preserved","P1","all pixels decoded ; not in tested Flutter bundle; contact sheet inspection for assets; no live-world claim","72","72","graded","0.6927083333333334","0.048032407407407406","0.25925925925925924","0.15630885122410546","0","255","71.2878086419753","11,4,53,64","8","3"
"android/app/src/main/res/mipmap-mdpi/ic_launcher.png","c7c0c0189145e4e32a401c61c9bdc615754b0264e7afae24e834bb81049eaf81","png","","platform resource declaration / generated variant","platform launcher/splash","normal; inspect state-specific rendering","android/app/src/main/res/mipmap-mdpi/ic_launcher.png","android/app/src/main/res/mipmap-mdpi/ic_launcher.png","platform icon or splash alpha; native runtime not tested","no alpha defect identified by pixel scan; intended transparency preserved","P1","all pixels decoded ; not in tested Flutter bundle; contact sheet inspection for assets; no live-world claim","48","48","graded","0.70703125","0.0842013888888889","0.2087673611111111","0.2874074074074074","0","255","64.43229166666667","8,4,34,40","8","3"
"android/app/src/main/res/mipmap-xhdpi/ic_launcher.png","e14aa40904929bf313fded22cf7e7ffcbf1d1aac4263b5ef1be8bfce650397aa","png","","platform resource declaration / generated variant","platform launcher/splash","normal; inspect state-specific rendering","android/app/src/main/res/mipmap-xhdpi/ic_launcher.png","android/app/src/main/res/mipmap-xhdpi/ic_launcher.png","platform icon or splash alpha; native runtime not tested","no alpha defect identified by pixel scan; intended transparency preserved","P1","all pixels decoded ; not in tested Flutter bundle; contact sheet inspection for assets; no live-world claim","96","96","graded","0.6878255208333334","0.037109375","0.2750651041666667","0.11887382690302398","0","255","74.85872395833333","12,4,72,88","8","3"
"android/app/src/main/res/mipmap-xxhdpi/ic_launcher.png","4d470bf22d5c17d84edc5f82516d1ba8a1c09559cd761cefb792f86d9f52b540","png","","platform resource declaration / generated variant","platform launcher/splash","normal; inspect state-specific rendering","android/app/src/main/res/mipmap-xxhdpi/ic_launcher.png","android/app/src/main/res/mipmap-xxhdpi/ic_launcher.png","platform icon or splash alpha; native runtime not tested","no alpha defect identified by pixel scan; intended transparency preserved","P1","all pixels decoded ; not in tested Flutter bundle; contact sheet inspection for assets; no live-world claim","144","144","graded","0.6815200617283951","0.01943479938271605","0.2990451388888889","0.0610236220472441","0","255","78.87307098765432","17,4,110,136","8","3"
"android/app/src/main/res/mipmap-xxxhdpi/ic_launcher.png","3c34e1f298d0c9ea3455d46db6b7759c8211a49e9ec6e44b635fc5c87dfb4180","png","","platform resource declaration / generated variant","platform launcher/splash","normal; inspect state-specific rendering","android/app/src/main/res/mipmap-xxxhdpi/ic_launcher.png","android/app/src/main/res/mipmap-xxxhdpi/ic_launcher.png","platform icon or splash alpha; native runtime not tested","no alpha defect identified by pixel scan; intended transparency preserved","P1","all pixels decoded ; not in tested Flutter bundle; contact sheet inspection for assets; no live-world claim","192","192","graded","0.6691623263888888","0.025336371527777776","0.3055013020833333","0.07658248606100361","0","255","81.321533203125","21,4,150,184","8","3"
"assets/characters/3221.png","6085c9e9c6a2188543ab16e42fa90fd396b1a51a50f0909f27b8a23088aca62d","png","assets/characters/3221.json;assets/data/character_sprites.json","active player atlas","world; remote player","atlas animations and directions","assets/characters/3221.png","assets/characters/3221.png","opaque sprite body; transparent frame padding","no alpha defect identified by pixel scan; intended transparency preserved","P1","all pixels decoded; Flutter bundle decode passed; contact sheet inspection for assets; no live-world claim","802","6603","binary","0.890326055223897","0.0","0.10967394477610305","0.0","0","255","27.96685591790628","0,0,801,6602","8","6"
"assets/characters/female_base_aligned.png","96fc0b9a410660a65b9d0905263fabebf67e0c3a2a2c870bf2d08c9a2cf6d888","png","assets/data/character_sprites.json","legacy bundled asset; current descriptor uses 3221","world; remote player","atlas animations and directions","assets/characters/female_base_aligned.png","assets/characters/female_base_aligned.png","opaque sprite body; transparent frame padding","no alpha defect identified by pixel scan; intended transparency preserved","P1","all pixels decoded; Flutter bundle decode passed; contact sheet inspection for assets; no live-world claim","792","1064","graded","0.5553431400470874","0.18786668375484164","0.25679017619807093","0.42249811185806513","0","255","73.43148947178553","18,5,769,1056","8","6"
"assets/characters/female_death.png","d3ae07016630da3b4e08eb35c23d5938c6157b4cbd73fc12a3ff11a507282054","png","","legacy bundled asset; current descriptor uses 3221","world; remote player","atlas animations and directions","assets/characters/female_death.png","assets/characters/female_death.png","opaque sprite body; transparent frame padding","no alpha defect identified by pixel scan; intended transparency preserved","P1","all pixels decoded; Flutter bundle decode passed; contact sheet inspection for assets; no live-world claim","768","1024","graded","0.5675430297851562","0.11144256591796875","0.321014404296875","0.2576963110632818","0","255","96.54739379882812","2,9,764,1014","8","6"
"assets/characters/male_base_aligned.png","dd53017f6231c7b5d140a21b59316546c5e1ee826daf452e1bce78873337ca7c","png","assets/data/character_sprites.json","legacy bundled asset; current descriptor uses 3221","world; remote player","atlas animations and directions","assets/characters/male_base_aligned.png","assets/characters/male_base_aligned.png","opaque sprite body; transparent frame padding","no alpha defect identified by pixel scan; intended transparency preserved","P1","all pixels decoded; Flutter bundle decode passed; contact sheet inspection for assets; no live-world claim","1062","1000","graded","0.6642325800376648","0.13273163841807908","0.2030357815442561","0.39530827152011444","0","255","57.51749152542373","23,6,1034,991","8","6"
"assets/images/launch_bg.png","e5f8a0814bc6be2e015a02be3484485ec4ac973023085871c51ae0dd6ec4c07f","png","lib/ui/layout/xaml/specs/account_ui_spec.dart;lib/ui/layout/xaml/specs/loading_ui_spec.dart;assets/ui/xaml/assets.xaml;pubspec.yaml","configured UI / preload / fallback","world/editor","normal; disabled/hover/pressed when configured","assets/images/launch_bg.png","assets/images/launch_bg.png","opaque backdrop or panel","no alpha defect identified by pixel scan; intended transparency preserved","P1","all pixels decoded; Flutter bundle decode passed; contact sheet inspection for assets; no live-world claim","1408","768","opaque","0.0","0.0","1.0","0.0","255","255","255.0","0,0,1408,768","8","6"
"assets/images/loading.png","e5f8a0814bc6be2e015a02be3484485ec4ac973023085871c51ae0dd6ec4c07f","png","lib/game/my_game.dart;lib/ui/layout/xaml/specs/account_ui_spec.dart;lib/ui/layout/xaml/specs/loading_ui_spec.dart;lib/ui/screens/character_create.dart;assets/ui/xaml/assets.xaml","configured UI / preload / fallback","world/editor","normal; disabled/hover/pressed when configured","assets/images/loading.png","assets/images/loading.png","opaque backdrop or panel","no alpha defect identified by pixel scan; intended transparency preserved","P1","all pixels decoded; Flutter bundle decode passed; contact sheet inspection for assets; no live-world claim","1408","768","opaque","0.0","0.0","1.0","0.0","255","255","255.0","0,0,1408,768","8","6"
"assets/maps/0.png","b37f9b359853200bad76098361dfe0ddcf95d9649575066dedff1097eac88f5a","png","lib/game/map/scene_asset_loader.dart:loadMapBackground","conditional runtime / map id","world","matching mapId","assets/maps/0.png","assets/maps/0.png","wall silhouette can be transparent; not necessarily a full background","no alpha defect identified by pixel scan; intended transparency preserved","P1","all pixels decoded; Flutter bundle decode passed; contact sheet inspection for assets; no live-world claim","1376","1190","graded","0.8303724105921438","0.001630594098104358","0.16799699530975182","0.009612788248636388","0","255","43.05605335157319","120,65,1136,529","8","6"
"assets/monsters/black_forest/mountain_wolf.png","f0df9749097d7b96b5a49451af6b844138448f514e9036cd05363a0589c3cc0d","png","lib/game/map/iso_monster_component.dart;assets/monsters/black_forest/mountain_wolf.json","name mapped conditional runtime","world","normal 1; corpse 0.5","assets/monsters/black_forest/mountain_wolf.png","assets/monsters/black_forest/mountain_wolf.png","opaque sprite body; transparent frame padding","no alpha defect identified by pixel scan; intended transparency preserved","P1","all pixels decoded; Flutter bundle decode passed; contact sheet inspection for assets; no live-world claim","1024","539","binary","0.6630696312615956","0.0","0.33693036873840443","0.0","0","255","85.91724402829314","0,0,1021,538","8","6"
"assets/objects/black_forest/bramble_thorn.png","c7ad25b4741c4b147fb84b50437caabb148e1ee978378a78cea57ef54c952ff7","png","assets/data/object_catalog.json","catalog / editor source","world; decoration; editor","normal 1; moving 0.4; ghost 0.5; separate shadow","assets/objects/black_forest/bramble_thorn.png","assets/objects/black_forest/bramble_thorn.png","opaque prop; transparent silhouette; independent shadow","no alpha defect identified by pixel scan; intended transparency preserved","P1","all pixels decoded; Flutter bundle decode passed; contact sheet inspection for assets; no live-world claim","192","208","graded","0.8457281650641025","0.044996995192307696","0.10927483974358974","0.29167342963804577","0","255","34.26870492788461","36,117,120,79","8","6"
"assets/objects/black_forest/fallen_dead_log.png","ec742953e2905fcfbdfb8373ee9989b3dc8225c0a48b896d34ce0be07a2100e7","png","assets/data/object_catalog.json","catalog / editor source","world; decoration; editor","normal 1; moving 0.4; ghost 0.5; separate shadow","assets/objects/black_forest/fallen_dead_log.png","assets/objects/black_forest/fallen_dead_log.png","opaque prop; transparent silhouette; independent shadow","no alpha defect identified by pixel scan; intended transparency preserved","P1","all pixels decoded; Flutter bundle decode passed; contact sheet inspection for assets; no live-world claim","192","208","graded","0.7960236378205128","0.027669270833333332","0.17630709134615385","0.13564939847778051","0","255","48.622395833333336","17,100,157,96","8","6"
"assets/objects/black_forest/fallen_dead_log_mirror.png","da4c6346223c2bb52ac46a3e020653f39967af6143a8b3149b2e6a3e2bd12de6","png","assets/data/object_catalog.json","catalog / editor source","world; decoration; editor","normal 1; moving 0.4; ghost 0.5; separate shadow","assets/objects/black_forest/fallen_dead_log_mirror.png","assets/objects/black_forest/fallen_dead_log_mirror.png","opaque prop; transparent silhouette; independent shadow","no alpha defect identified by pixel scan; intended transparency preserved","P1","all pixels decoded; Flutter bundle decode passed; contact sheet inspection for assets; no live-world claim","192","208","graded","0.7960236378205128","0.027669270833333332","0.17630709134615385","0.13564939847778051","0","255","48.622395833333336","18,100,157,96","8","6"
"assets/objects/black_forest/flora_fern.png","5668e8c5893d05c81e79629ef138268b10462d26534d174a4538b326c3022f5a","png","assets/data/object_catalog.json","catalog / editor source","world; decoration; editor","normal 1; moving 0.4; ghost 0.5; separate shadow","assets/objects/black_forest/flora_fern.png","assets/objects/black_forest/flora_fern.png","opaque prop; transparent silhouette; independent shadow","no alpha defect identified by pixel scan; intended transparency preserved","P1","all pixels decoded; Flutter bundle decode passed; contact sheet inspection for assets; no live-world claim","192","208","graded","0.9284855769230769","0.028470552884615384","0.043043870192307696","0.39810924369747897","0","255","15.447966746794872","52,142,88,54","8","6"
"assets/objects/black_forest/flora_flower_blue_dim.png","b657490683912603ab837bd8f68b444c0b71c32159c06cf5287420276e8876e7","png","assets/data/object_catalog.json","catalog / editor source","world; decoration; editor","normal 1; moving 0.4; ghost 0.5; separate shadow","assets/objects/black_forest/flora_flower_blue_dim.png","assets/objects/black_forest/flora_flower_blue_dim.png","opaque prop; transparent silhouette; independent shadow","no alpha defect identified by pixel scan; intended transparency preserved","P1","all pixels decoded; Flutter bundle decode passed; contact sheet inspection for assets; no live-world claim","192","208","graded","0.9370492788461539","0.02233573717948718","0.040614983974358976","0.35481304693715193","0","255","13.413060897435898","60,131,72,65","8","6"
"assets/objects/black_forest/flora_flower_violet.png","73eaef4e3f8b15b48dcf6fa70a5a045b36c8a38d52d51249bb8cf0f88cc0c2a2","png","assets/data/object_catalog.json","catalog / editor source","world; decoration; editor","normal 1; moving 0.4; ghost 0.5; separate shadow","assets/objects/black_forest/flora_flower_violet.png","assets/objects/black_forest/flora_flower_violet.png","opaque prop; transparent silhouette; independent shadow","no alpha defect identified by pixel scan; intended transparency preserved","P1","all pixels decoded; Flutter bundle decode passed; contact sheet inspection for assets; no live-world claim","192","208","graded","0.937324719551282","0.018454527243589744","0.04422075320512821","0.2944466640031962","0","255","13.821464342948717","56,136,80,60","8","6"
"assets/objects/black_forest/flora_flower_white.png","fbcb3936cd8ab8bb532e14c15905569fa523baa00e17a6c2f9576fa7968a9684","png","assets/data/object_catalog.json","catalog / editor source","world; decoration; editor","normal 1; moving 0.4; ghost 0.5; separate shadow","assets/objects/black_forest/flora_flower_white.png","assets/objects/black_forest/flora_flower_white.png","opaque prop; transparent silhouette; independent shadow","no alpha defect identified by pixel scan; intended transparency preserved","P1","all pixels decoded; Flutter bundle decode passed; contact sheet inspection for assets; no live-world claim","192","208","graded","0.9380508814102564","0.01587540064102564","0.04607371794871795","0.2562651576394503","0","255","13.76532451923077","56,143,80,53","8","6"
"assets/objects/black_forest/flora_grass_dark.png","66e1b09e6932ff17de1d531ce3ea1f79a3b9d89b5fede478f0131bdfff3ef9aa","png","assets/data/object_catalog.json","catalog / editor source","world; decoration; editor","normal 1; moving 0.4; ghost 0.5; separate shadow","assets/objects/black_forest/flora_grass_dark.png","assets/objects/black_forest/flora_grass_dark.png","opaque prop; transparent silhouette; independent shadow","no alpha defect identified by pixel scan; intended transparency preserved","P1","all pixels decoded; Flutter bundle decode passed; contact sheet inspection for assets; no live-world claim","192","208","graded","0.9284855769230769","0.03227664262820513","0.03923778044871795","0.45133053221288516","0","255","14.66268529647436","56,135,80,61","8","6"
"assets/objects/black_forest/flora_grass_dry.png","34bc52287d0b9b84d35f743653fae46d6f1fc82e31d4b595a3cab4773d497c86","png","assets/data/object_catalog.json","catalog / editor source","world; decoration; editor","normal 1; moving 0.4; ghost 0.5; separate shadow","assets/objects/black_forest/flora_grass_dry.png","assets/objects/black_forest/flora_grass_dry.png","opaque prop; transparent silhouette; independent shadow","no alpha defect identified by pixel scan; intended transparency preserved","P1","all pixels decoded; Flutter bundle decode passed; contact sheet inspection for assets; no live-world claim","192","208","graded","0.9231770833333334","0.035982572115384616","0.04084034455128205","0.4683833116036506","0","255","15.734199719551283","54,136,84,60","8","6"
"assets/objects/black_forest/flora_mushroom_brown.png","823badc0f1781f2eb582ec9744ca7e1f4276484fa5c084539eaa0b96daf55210","png","assets/data/object_catalog.json","catalog / editor source","world; decoration; editor","normal 1; moving 0.4; ghost 0.5; separate shadow","assets/objects/black_forest/flora_mushroom_brown.png","assets/objects/black_forest/flora_mushroom_brown.png","opaque prop; transparent silhouette; independent shadow","no alpha defect identified by pixel scan; intended transparency preserved","P1","all pixels decoded; Flutter bundle decode passed; contact sheet inspection for assets; no live-world claim","192","208","graded","0.9313902243589743","0.016551482371794872","0.05205829326923077","0.24124087591240875","0","255","15.657426883012821","58,130,76,66","8","6"
"assets/objects/black_forest/rock_moss_slate.png","b519130615e1526e249dce79f3440f543547302dab47e3c43a7eae82673af074","png","assets/data/object_catalog.json","catalog / editor source","world; decoration; editor","normal 1; moving 0.4; ghost 0.5; separate shadow","assets/objects/black_forest/rock_moss_slate.png","assets/objects/black_forest/rock_moss_slate.png","opaque prop; transparent silhouette; independent shadow","no alpha defect identified by pixel scan; intended transparency preserved","P1","all pixels decoded; Flutter bundle decode passed; contact sheet inspection for assets; no live-world claim","192","208","graded","0.9202974759615384","0.019005408653846152","0.060697115384615384","0.23845428840716307","0","255","18.29266826923077","52,132,88,64","8","6"
"assets/objects/black_forest/shrub_dark.png","e26a053b710577c6fa37615e34cfce96bbccd3adcb37edead86a4201afe100f9","png","assets/data/object_catalog.json","catalog / editor source","world; decoration; editor","normal 1; moving 0.4; ghost 0.5; separate shadow","assets/objects/black_forest/shrub_dark.png","assets/objects/black_forest/shrub_dark.png","opaque prop; transparent silhouette; independent shadow","no alpha defect identified by pixel scan; intended transparency preserved","P1","all pixels decoded; Flutter bundle decode passed; contact sheet inspection for assets; no live-world claim","192","208","graded","0.8330578926282052","0.047450921474358976","0.1194911858974359","0.2842357882105895","0","255","37.491261017628204","36,115,120,81","8","6"
"assets/objects/black_forest/stump_moss.png","6dbaa9a846b2df05aa0871c509595d5b4df808941d0647844ce259dcd1baccf5","png","assets/data/object_catalog.json","catalog / editor source","world; decoration; editor","normal 1; moving 0.4; ghost 0.5; separate shadow","assets/objects/black_forest/stump_moss.png","assets/objects/black_forest/stump_moss.png","opaque prop; transparent silhouette; independent shadow","no alpha defect identified by pixel scan; intended transparency preserved","P1","all pixels decoded; Flutter bundle decode passed; contact sheet inspection for assets; no live-world claim","192","208","graded","0.8947566105769231","0.01978165064102564","0.08546173878205128","0.18796098025220082","0","255","24.593123998397434","44,132,104,64","8","6"
"assets/objects/black_forest/tree_ancient_oak.png","0e32141c75ca50f77309ef34d54ae0022317366d0f9ed95d41a9ce12c91d6b8b","png","assets/data/object_catalog.json","catalog / editor source","world; decoration; editor","normal 1; moving 0.4; ghost 0.5; separate shadow","assets/objects/black_forest/tree_ancient_oak.png","assets/objects/black_forest/tree_ancient_oak.png","opaque prop; transparent silhouette; independent shadow","no alpha defect identified by pixel scan; intended transparency preserved","P1","all pixels decoded; Flutter bundle decode passed; contact sheet inspection for assets; no live-world claim","195","208","graded","0.5030571992110454","0.09829881656804734","0.3986439842209073","0.19780710458424292","0","255","116.44479783037475","12,17,183,179","8","6"
"assets/objects/black_forest/tree_dead_forked.png","4f5c5a004eb83f75fbe4f6bed883913fcb5eb7ae08dd930e03f5b50947b866a6","png","assets/data/object_catalog.json","catalog / editor source","world; decoration; editor","normal 1; moving 0.4; ghost 0.5; separate shadow","assets/objects/black_forest/tree_dead_forked.png","assets/objects/black_forest/tree_dead_forked.png","opaque prop; transparent silhouette; independent shadow","no alpha defect identified by pixel scan; intended transparency preserved","P1","all pixels decoded; Flutter bundle decode passed; contact sheet inspection for assets; no live-world claim","192","208","graded","0.8113231169871795","0.05421173878205128","0.13446514423076922","0.28732581287325815","0","255","41.386894030448715","28,22,136,174","8","6"
"assets/objects/black_forest/tree_dead_forked_mirror.png","e3c3d76ac62e659ab8b52d83577634843174c5b280b38cb05b45c3bc8127c2f0","png","assets/data/object_catalog.json","catalog / editor source","world; decoration; editor","normal 1; moving 0.4; ghost 0.5; separate shadow","assets/objects/black_forest/tree_dead_forked_mirror.png","assets/objects/black_forest/tree_dead_forked_mirror.png","opaque prop; transparent silhouette; independent shadow","no alpha defect identified by pixel scan; intended transparency preserved","P1","all pixels decoded; Flutter bundle decode passed; contact sheet inspection for assets; no live-world claim","192","208","graded","0.8113231169871795","0.05421173878205128","0.13446514423076922","0.28732581287325815","0","255","41.386894030448715","28,22,136,174","8","6"
"assets/objects/black_forest/tree_moss_elm.png","cb461dc313254d9055a8ef7b61e4b89bda709818d047c57e6bb4d348e56aa12f","png","assets/data/object_catalog.json","catalog / editor source","world; decoration; editor","normal 1; moving 0.4; ghost 0.5; separate shadow","assets/objects/black_forest/tree_moss_elm.png","assets/objects/black_forest/tree_moss_elm.png","opaque prop; transparent silhouette; independent shadow","no alpha defect identified by pixel scan; intended transparency preserved","P1","all pixels decoded; Flutter bundle decode passed; contact sheet inspection for assets; no live-world claim","192","208","graded","0.8068659855769231","0.08566205929487179","0.10747195512820513","0.4435368857772592","0","255","40.501777844551285","32,55,128,141","8","6"
"assets/objects/black_forest/tree_twisted_pine.png","ec702aae75a4e79097256ce59514bc67af19e1c0a9644b9153c20f9a7a646914","png","assets/data/object_catalog.json","catalog / editor source","world; decoration; editor","normal 1; moving 0.4; ghost 0.5; separate shadow","assets/objects/black_forest/tree_twisted_pine.png","assets/objects/black_forest/tree_twisted_pine.png","opaque prop; transparent silhouette; independent shadow","no alpha defect identified by pixel scan; intended transparency preserved","P1","all pixels decoded; Flutter bundle decode passed; contact sheet inspection for assets; no live-world claim","192","208","graded","0.8323818108974359","0.07118890224358974","0.09642928685897435","0.42470869435315206","0","255","35.55190805288461","37,71,123,125","8","6"
"assets/objects/cave_spirit_cabinet.png","3804793bce2e974b7509c4e5a0e975f9b5327e8a848c1421652f4ac0e8088963","png","assets/data/object_catalog.json","catalog / editor source","world; decoration; editor","normal 1; moving 0.4; ghost 0.5; separate shadow","assets/objects/cave_spirit_cabinet.png","assets/objects/cave_spirit_cabinet.png","opaque prop; transparent silhouette; independent shadow","no alpha defect identified by pixel scan; intended transparency preserved","P1","all pixels decoded; Flutter bundle decode passed; contact sheet inspection for assets; no live-world claim","175","155","graded","0.512258064516129","0.042912442396313366","0.4448294930875576","0.08798185941043084","0","255","121.90366820276498","5,12,168,139","8","6"
"assets/objects/cn_bookshelf_cut.png","7ba48cd8f6bc40aee69f425cf1f39a122a69571eaaefddd3b783d6adf40136e3","png","assets/data/object_catalog.json","catalog / editor source","world; decoration; editor","normal 1; moving 0.4; ghost 0.5; separate shadow","assets/objects/cn_bookshelf_cut.png","assets/objects/cn_bookshelf_cut.png","opaque prop; transparent silhouette; independent shadow","no alpha defect identified by pixel scan; intended transparency preserved","P1","all pixels decoded; Flutter bundle decode passed; contact sheet inspection for assets; no live-world claim","190","245","graded","0.33596133190118155","0.0353813104189044","0.628657357679914","0.05328200317039242","0","255","167.18781954887217","2,5,185,239","8","6"
"assets/objects/cultivation_array.png","507885303f790bfce36d59a5ab4ae4588ef5829f55efde5c694b8ad58057b8c8","png","assets/data/object_catalog.json","catalog / editor source","world; decoration; editor","normal 1; moving 0.4; ghost 0.5; separate shadow","assets/objects/cultivation_array.png","assets/objects/cultivation_array.png","intentional magic glow","no alpha defect identified by pixel scan; intended transparency preserved","P1","all pixels decoded; Flutter bundle decode passed; contact sheet inspection for assets; no live-world claim","450","270","graded","0.6876543209876543","0.2565432098765432","0.05580246913580247","0.8213438735177866","0","255","42.94587654320988","2,0,445,270","8","6"
"assets/objects/jasmine_jar.png","add9d83ff9069fcd1108b77b9a30519d8f9fe0816274788853b36a258f2afe8c","png","assets/data/object_catalog.json","catalog / editor source","world; decoration; editor","normal 1; moving 0.4; ghost 0.5; separate shadow","assets/objects/jasmine_jar.png","assets/objects/jasmine_jar.png","opaque prop; transparent silhouette; independent shadow","no alpha defect identified by pixel scan; intended transparency preserved","P1","all pixels decoded; Flutter bundle decode passed; contact sheet inspection for assets; no live-world claim","105","225","graded","0.5134391534391535","0.1359153439153439","0.35064550264550265","0.2793388429752066","0","255","106.26582010582011","0,4,105,221","8","6"
"assets/objects/maple.png","6eafd6c22fabfbec330bb5fe60d39697da30cf7ada8c27899732d42b64229f78","png","assets/data/object_catalog.json","catalog / editor source","world; decoration; editor","normal 1; moving 0.4; ghost 0.5; separate shadow","assets/objects/maple.png","assets/objects/maple.png","opaque prop; transparent silhouette; independent shadow","no alpha defect identified by pixel scan; intended transparency preserved","P1","all pixels decoded; Flutter bundle decode passed; contact sheet inspection for assets; no live-world claim","200","190","graded","0.44873684210526316","0.08518421052631579","0.46607894736842104","0.15452549169371776","0","255","130.08165789473685","6,0,188,190","8","6"
"assets/objects/orchid.png","cab2c9e14ce56afb2a54023dac950f9b10903ca834e135b710af63dcb986530b","png","assets/data/object_catalog.json","catalog / editor source","world; decoration; editor","normal 1; moving 0.4; ghost 0.5; separate shadow","assets/objects/orchid.png","assets/objects/orchid.png","opaque prop; transparent silhouette; independent shadow","no alpha defect identified by pixel scan; intended transparency preserved","P1","all pixels decoded; Flutter bundle decode passed; contact sheet inspection for assets; no live-world claim","90","150","graded","0.43414814814814817","0.3051111111111111","0.2607407407407407","0.5392067024479644","0","255","103.23985185185185","3,0,83,150","8","6"
"assets/objects/pine_bonsai.png","8a42b530ae4d602706cf779a6a0e76414aa7503cc8b8ee7c75fc238d0cd73517","png","assets/data/object_catalog.json","catalog / editor source","world; decoration; editor","normal 1; moving 0.4; ghost 0.5; separate shadow","assets/objects/pine_bonsai.png","assets/objects/pine_bonsai.png","opaque prop; transparent silhouette; independent shadow","no alpha defect identified by pixel scan; intended transparency preserved","P1","all pixels decoded; Flutter bundle decode passed; contact sheet inspection for assets; no live-world claim","110","190","graded","0.4892822966507177","0.15086124401913875","0.35985645933014354","0.29539066891512084","0","255","111.58028708133972","4,0,101,190","8","6"
"assets/tiles/_demo/black_forest_ground_48x24_balanced_atlas.png","495dd904c0422f8a5d7a625be987d0e9b843ca5941f4240f3101e841a8bbff22","png","assets/tiles/_demo/black_forest_ground_48x24_balanced_atlas.json","backup/preview; not active","world/editor","normal; inspect state-specific rendering","assets/tiles/_demo/black_forest_ground_48x24_balanced_atlas.png","assets/tiles/_demo/black_forest_ground_48x24_balanced_atlas.png","review by role","no alpha defect identified by pixel scan; intended transparency preserved","P1","all pixels decoded ; not in tested Flutter bundle; contact sheet inspection for assets; no live-world claim","384","96","binary","0.5450303819444444","0.0","0.4549696180555556","0.0","0","255","116.01725260416667","0,0,384,96","8","6"
"assets/tiles/_demo/stone_template_ground_brick_48x24_refstyle.png","89e28a7d5275ef57f41cc8e5db9db6bbd3ba6c26a3d41db688dee28d5b4869ac","png","","backup/preview; not active","world/editor","normal; inspect state-specific rendering","assets/tiles/_demo/stone_template_ground_brick_48x24_refstyle.png","assets/tiles/_demo/stone_template_ground_brick_48x24_refstyle.png","review by role","no alpha defect identified by pixel scan; intended transparency preserved","P1","all pixels decoded ; not in tested Flutter bundle; contact sheet inspection for assets; no live-world claim","1536","24","graded","0.4340277777777778","0.08333333333333333","0.4826388888888889","0.147239263803681","0","255","133.16319444444446","0,0,1536,24","8","6"
"assets/tiles/black_forest/black_forest_ground_07.png","5362ceeee375c95b2b89ae92ff34ee69c8b85435c47ea8e120d8747f32accd7d","png",";lib/network/packets/server/s_map_tiles.dart;lib/game/map/iso_map_component.dart;lib/game/map/scene_asset_loader.dart","conditional runtime / map packet","world; editor (root tiles only)","S_MAP_TILES tileDir + tiles[id]; fallback ground atlas","assets/tiles/black_forest/black_forest_ground_07.png","assets/tiles/black_forest/black_forest_ground_07.png","opaque diamond interior; transparent outer corners","no alpha defect identified by pixel scan; intended transparency preserved","P1","all pixels decoded; Flutter bundle decode passed; contact sheet inspection for assets; no live-world claim","112","56","graded","0.4456313775510204","0.11224489795918367","0.4421237244897959","0.20247339660626978","0","255","127.26642219387755","0,0,112,56","8","6"
"assets/tiles/black_forest/black_forest_ground_08.png","440599a1baa52f544ea6325868ebc7a308642fc905867e59ef7f00b2c90c0bae","png",";lib/network/packets/server/s_map_tiles.dart;lib/game/map/iso_map_component.dart;lib/game/map/scene_asset_loader.dart","conditional runtime / map packet","world; editor (root tiles only)","S_MAP_TILES tileDir + tiles[id]; fallback ground atlas","assets/tiles/black_forest/black_forest_ground_08.png","assets/tiles/black_forest/black_forest_ground_08.png","opaque diamond interior; transparent outer corners","no alpha defect identified by pixel scan; intended transparency preserved","P1","all pixels decoded; Flutter bundle decode passed; contact sheet inspection for assets; no live-world claim","112","56","graded","0.4456313775510204","0.11224489795918367","0.4421237244897959","0.20247339660626978","0","255","127.26642219387755","0,0,112,56","8","6"
"assets/tiles/black_forest/black_forest_ground_09.png","aa523a494e9fe69d6a77165e95f19d6c79d3385b7f664e17d9a7f7198b502937","png",";lib/network/packets/server/s_map_tiles.dart;lib/game/map/iso_map_component.dart;lib/game/map/scene_asset_loader.dart","conditional runtime / map packet","world; editor (root tiles only)","S_MAP_TILES tileDir + tiles[id]; fallback ground atlas","assets/tiles/black_forest/black_forest_ground_09.png","assets/tiles/black_forest/black_forest_ground_09.png","opaque diamond interior; transparent outer corners","no alpha defect identified by pixel scan; intended transparency preserved","P1","all pixels decoded; Flutter bundle decode passed; contact sheet inspection for assets; no live-world claim","112","56","graded","0.4456313775510204","0.11224489795918367","0.4421237244897959","0.20247339660626978","0","255","127.26642219387755","0,0,112,56","8","6"
"assets/tiles/black_forest/black_forest_ground_10.png","125ffe871145061023064dd4e716544e3e5c7a2337e4c8f765168188ae8f47db","png",";lib/network/packets/server/s_map_tiles.dart;lib/game/map/iso_map_component.dart;lib/game/map/scene_asset_loader.dart","conditional runtime / map packet","world; editor (root tiles only)","S_MAP_TILES tileDir + tiles[id]; fallback ground atlas","assets/tiles/black_forest/black_forest_ground_10.png","assets/tiles/black_forest/black_forest_ground_10.png","opaque diamond interior; transparent outer corners","no alpha defect identified by pixel scan; intended transparency preserved","P1","all pixels decoded; Flutter bundle decode passed; contact sheet inspection for assets; no live-world claim","112","56","graded","0.4456313775510204","0.11224489795918367","0.4421237244897959","0.20247339660626978","0","255","127.26642219387755","0,0,112,56","8","6"
"assets/tiles/black_forest/black_forest_ground_11.png","6c0a06d06ebdaec444490eb4f4923f9ca94d7483ee953d0499b289b69506fb44","png",";lib/network/packets/server/s_map_tiles.dart;lib/game/map/iso_map_component.dart;lib/game/map/scene_asset_loader.dart","conditional runtime / map packet","world; editor (root tiles only)","S_MAP_TILES tileDir + tiles[id]; fallback ground atlas","assets/tiles/black_forest/black_forest_ground_11.png","assets/tiles/black_forest/black_forest_ground_11.png","opaque diamond interior; transparent outer corners","no alpha defect identified by pixel scan; intended transparency preserved","P1","all pixels decoded; Flutter bundle decode passed; contact sheet inspection for assets; no live-world claim","112","56","graded","0.4456313775510204","0.11224489795918367","0.4421237244897959","0.20247339660626978","0","255","127.26642219387755","0,0,112,56","8","6"
"assets/tiles/black_forest/black_forest_ground_12.png","1dc22b3381d519c6c49a40a8fa25080bd79c68d3e0ff97547243fb0f4af84452","png",";lib/network/packets/server/s_map_tiles.dart;lib/game/map/iso_map_component.dart;lib/game/map/scene_asset_loader.dart","conditional runtime / map packet","world; editor (root tiles only)","S_MAP_TILES tileDir + tiles[id]; fallback ground atlas","assets/tiles/black_forest/black_forest_ground_12.png","assets/tiles/black_forest/black_forest_ground_12.png","opaque diamond interior; transparent outer corners","no alpha defect identified by pixel scan; intended transparency preserved","P1","all pixels decoded; Flutter bundle decode passed; contact sheet inspection for assets; no live-world claim","112","56","graded","0.4456313775510204","0.11224489795918367","0.4421237244897959","0.20247339660626978","0","255","127.26642219387755","0,0,112,56","8","6"
"assets/tiles/black_forest/black_forest_ground_13.png","17d7c8475214fbf1510ef10fe968588e3fc737885b18076046848b884559f3e9","png",";lib/network/packets/server/s_map_tiles.dart;lib/game/map/iso_map_component.dart;lib/game/map/scene_asset_loader.dart","conditional runtime / map packet","world; editor (root tiles only)","S_MAP_TILES tileDir + tiles[id]; fallback ground atlas","assets/tiles/black_forest/black_forest_ground_13.png","assets/tiles/black_forest/black_forest_ground_13.png","opaque diamond interior; transparent outer corners","no alpha defect identified by pixel scan; intended transparency preserved","P1","all pixels decoded; Flutter bundle decode passed; contact sheet inspection for assets; no live-world claim","112","56","graded","0.4456313775510204","0.11224489795918367","0.4421237244897959","0.20247339660626978","0","255","127.26642219387755","0,0,112,56","8","6"
"assets/tiles/black_forest/black_forest_ground_14.png","5d4b9bad9ccfb9033d17e4a67e5a335eaef9e40e043586a19233c046d337528f","png",";lib/network/packets/server/s_map_tiles.dart;lib/game/map/iso_map_component.dart;lib/game/map/scene_asset_loader.dart","conditional runtime / map packet","world; editor (root tiles only)","S_MAP_TILES tileDir + tiles[id]; fallback ground atlas","assets/tiles/black_forest/black_forest_ground_14.png","assets/tiles/black_forest/black_forest_ground_14.png","opaque diamond interior; transparent outer corners","no alpha defect identified by pixel scan; intended transparency preserved","P1","all pixels decoded; Flutter bundle decode passed; contact sheet inspection for assets; no live-world claim","112","56","graded","0.4456313775510204","0.11224489795918367","0.4421237244897959","0.20247339660626978","0","255","127.26642219387755","0,0,112,56","8","6"
"assets/tiles/black_forest/black_forest_ground_15.png","9c4a8cc276e4ef6b6b17ea1aa11c272c49f9c305050e1bf9c342768dedf10246","png",";lib/network/packets/server/s_map_tiles.dart;lib/game/map/iso_map_component.dart;lib/game/map/scene_asset_loader.dart","conditional runtime / map packet","world; editor (root tiles only)","S_MAP_TILES tileDir + tiles[id]; fallback ground atlas","assets/tiles/black_forest/black_forest_ground_15.png","assets/tiles/black_forest/black_forest_ground_15.png","opaque diamond interior; transparent outer corners","no alpha defect identified by pixel scan; intended transparency preserved","P1","all pixels decoded; Flutter bundle decode passed; contact sheet inspection for assets; no live-world claim","112","56","graded","0.4456313775510204","0.11224489795918367","0.4421237244897959","0.20247339660626978","0","255","127.26642219387755","0,0,112,56","8","6"
"assets/tiles/black_forest/black_forest_ground_16.png","f0eb2c9fbf456011c3b2bf9f087c7192994bc52f53ed146977978fefa3d128a0","png",";lib/network/packets/server/s_map_tiles.dart;lib/game/map/iso_map_component.dart;lib/game/map/scene_asset_loader.dart","conditional runtime / map packet","world; editor (root tiles only)","S_MAP_TILES tileDir + tiles[id]; fallback ground atlas","assets/tiles/black_forest/black_forest_ground_16.png","assets/tiles/black_forest/black_forest_ground_16.png","opaque diamond interior; transparent outer corners","no alpha defect identified by pixel scan; intended transparency preserved","P1","all pixels decoded; Flutter bundle decode passed; contact sheet inspection for assets; no live-world claim","112","56","graded","0.4456313775510204","0.11224489795918367","0.4421237244897959","0.20247339660626978","0","255","127.26642219387755","0,0,112,56","8","6"
"assets/tiles/black_forest/black_forest_ground_17.png","9260755870abb44c648874908025058d207eb1ecd5c913901cfd5e1a0757e3d8","png",";lib/network/packets/server/s_map_tiles.dart;lib/game/map/iso_map_component.dart;lib/game/map/scene_asset_loader.dart","conditional runtime / map packet","world; editor (root tiles only)","S_MAP_TILES tileDir + tiles[id]; fallback ground atlas","assets/tiles/black_forest/black_forest_ground_17.png","assets/tiles/black_forest/black_forest_ground_17.png","opaque diamond interior; transparent outer corners","no alpha defect identified by pixel scan; intended transparency preserved","P1","all pixels decoded; Flutter bundle decode passed; contact sheet inspection for assets; no live-world claim","112","56","graded","0.4456313775510204","0.11224489795918367","0.4421237244897959","0.20247339660626978","0","255","127.26642219387755","0,0,112,56","8","6"
"assets/tiles/black_forest/black_forest_ground_18.png","5e3198f4ea877d70dc2e669a18a7b24b79a987173f057c26e74f3c8211cdca18","png",";lib/network/packets/server/s_map_tiles.dart;lib/game/map/iso_map_component.dart;lib/game/map/scene_asset_loader.dart","conditional runtime / map packet","world; editor (root tiles only)","S_MAP_TILES tileDir + tiles[id]; fallback ground atlas","assets/tiles/black_forest/black_forest_ground_18.png","assets/tiles/black_forest/black_forest_ground_18.png","opaque diamond interior; transparent outer corners","no alpha defect identified by pixel scan; intended transparency preserved","P1","all pixels decoded; Flutter bundle decode passed; contact sheet inspection for assets; no live-world claim","112","56","graded","0.4456313775510204","0.11224489795918367","0.4421237244897959","0.20247339660626978","0","255","127.26642219387755","0,0,112,56","8","6"
"assets/tiles/black_forest/black_forest_ground_19.png","0ab62a57abe1bea98b1cdfd54d5004c7f3eee309a39e4968fc0af428223a3c87","png",";lib/network/packets/server/s_map_tiles.dart;lib/game/map/iso_map_component.dart;lib/game/map/scene_asset_loader.dart","conditional runtime / map packet","world; editor (root tiles only)","S_MAP_TILES tileDir + tiles[id]; fallback ground atlas","assets/tiles/black_forest/black_forest_ground_19.png","assets/tiles/black_forest/black_forest_ground_19.png","opaque diamond interior; transparent outer corners","no alpha defect identified by pixel scan; intended transparency preserved","P1","all pixels decoded; Flutter bundle decode passed; contact sheet inspection for assets; no live-world claim","112","56","graded","0.4456313775510204","0.11224489795918367","0.4421237244897959","0.20247339660626978","0","255","127.26642219387755","0,0,112,56","8","6"
"assets/tiles/black_forest/black_forest_ground_20.png","b486db6bcb46a10903bd3d5219607a2aa7c9001e4cade5cbb653474d4afb3711","png",";lib/network/packets/server/s_map_tiles.dart;lib/game/map/iso_map_component.dart;lib/game/map/scene_asset_loader.dart","conditional runtime / map packet","world; editor (root tiles only)","S_MAP_TILES tileDir + tiles[id]; fallback ground atlas","assets/tiles/black_forest/black_forest_ground_20.png","assets/tiles/black_forest/black_forest_ground_20.png","opaque diamond interior; transparent outer corners","no alpha defect identified by pixel scan; intended transparency preserved","P1","all pixels decoded; Flutter bundle decode passed; contact sheet inspection for assets; no live-world claim","112","56","graded","0.4456313775510204","0.11224489795918367","0.4421237244897959","0.20247339660626978","0","255","127.26642219387755","0,0,112,56","8","6"
"assets/tiles/black_forest/black_forest_ground_21.png","e39ecf10090fc126341c1e43cafb6d34eb14a5cba0041dbc9c40d26bcd56daba","png",";lib/network/packets/server/s_map_tiles.dart;lib/game/map/iso_map_component.dart;lib/game/map/scene_asset_loader.dart","conditional runtime / map packet","world; editor (root tiles only)","S_MAP_TILES tileDir + tiles[id]; fallback ground atlas","assets/tiles/black_forest/black_forest_ground_21.png","assets/tiles/black_forest/black_forest_ground_21.png","opaque diamond interior; transparent outer corners","no alpha defect identified by pixel scan; intended transparency preserved","P1","all pixels decoded; Flutter bundle decode passed; contact sheet inspection for assets; no live-world claim","112","56","graded","0.4456313775510204","0.11224489795918367","0.4421237244897959","0.20247339660626978","0","255","127.26642219387755","0,0,112,56","8","6"
"assets/tiles/black_forest/black_forest_ground_22.png","c2c73d3a936428ca9ad356932fadc4ea90a06b2e1cb32cd2fd72abeb1ee89cd9","png",";lib/network/packets/server/s_map_tiles.dart;lib/game/map/iso_map_component.dart;lib/game/map/scene_asset_loader.dart","conditional runtime / map packet","world; editor (root tiles only)","S_MAP_TILES tileDir + tiles[id]; fallback ground atlas","assets/tiles/black_forest/black_forest_ground_22.png","assets/tiles/black_forest/black_forest_ground_22.png","opaque diamond interior; transparent outer corners","no alpha defect identified by pixel scan; intended transparency preserved","P1","all pixels decoded; Flutter bundle decode passed; contact sheet inspection for assets; no live-world claim","112","56","graded","0.4456313775510204","0.11224489795918367","0.4421237244897959","0.20247339660626978","0","255","127.26642219387755","0,0,112,56","8","6"
"assets/tiles/black_forest/black_forest_ground_23.png","aa1d941c988ddef909f59850e73adaaa4959e4f47015eeb69ebe968297d920d6","png",";lib/network/packets/server/s_map_tiles.dart;lib/game/map/iso_map_component.dart;lib/game/map/scene_asset_loader.dart","conditional runtime / map packet","world; editor (root tiles only)","S_MAP_TILES tileDir + tiles[id]; fallback ground atlas","assets/tiles/black_forest/black_forest_ground_23.png","assets/tiles/black_forest/black_forest_ground_23.png","opaque diamond interior; transparent outer corners","no alpha defect identified by pixel scan; intended transparency preserved","P1","all pixels decoded; Flutter bundle decode passed; contact sheet inspection for assets; no live-world claim","112","56","graded","0.4456313775510204","0.11224489795918367","0.4421237244897959","0.20247339660626978","0","255","127.26642219387755","0,0,112,56","8","6"
"assets/tiles/black_forest/black_forest_ground_24.png","8febc723e0e10e6d00cca612347ac7d3acf173be697407dacfe22d08c60035f3","png",";lib/network/packets/server/s_map_tiles.dart;lib/game/map/iso_map_component.dart;lib/game/map/scene_asset_loader.dart","conditional runtime / map packet","world; editor (root tiles only)","S_MAP_TILES tileDir + tiles[id]; fallback ground atlas","assets/tiles/black_forest/black_forest_ground_24.png","assets/tiles/black_forest/black_forest_ground_24.png","opaque diamond interior; transparent outer corners","no alpha defect identified by pixel scan; intended transparency preserved","P1","all pixels decoded; Flutter bundle decode passed; contact sheet inspection for assets; no live-world claim","112","56","graded","0.4456313775510204","0.11224489795918367","0.4421237244897959","0.20247339660626978","0","255","127.26642219387755","0,0,112,56","8","6"
"assets/tiles/black_forest/black_forest_ground_25.png","9798065ec71f54f40bbcbb55eb34c1e9c5e97888a5c62ee2f8a8afc9d815d9fc","png",";lib/network/packets/server/s_map_tiles.dart;lib/game/map/iso_map_component.dart;lib/game/map/scene_asset_loader.dart","conditional runtime / map packet","world; editor (root tiles only)","S_MAP_TILES tileDir + tiles[id]; fallback ground atlas","assets/tiles/black_forest/black_forest_ground_25.png","assets/tiles/black_forest/black_forest_ground_25.png","opaque diamond interior; transparent outer corners","no alpha defect identified by pixel scan; intended transparency preserved","P1","all pixels decoded; Flutter bundle decode passed; contact sheet inspection for assets; no live-world claim","112","56","graded","0.4456313775510204","0.11224489795918367","0.4421237244897959","0.20247339660626978","0","255","127.26642219387755","0,0,112,56","8","6"
"assets/tiles/black_forest/black_forest_ground_26.png","db761b68073adf496385bf6e60cd3191809f6f7cd0442d86f16147c7b14272ee","png",";lib/network/packets/server/s_map_tiles.dart;lib/game/map/iso_map_component.dart;lib/game/map/scene_asset_loader.dart","conditional runtime / map packet","world; editor (root tiles only)","S_MAP_TILES tileDir + tiles[id]; fallback ground atlas","assets/tiles/black_forest/black_forest_ground_26.png","assets/tiles/black_forest/black_forest_ground_26.png","opaque diamond interior; transparent outer corners","no alpha defect identified by pixel scan; intended transparency preserved","P1","all pixels decoded; Flutter bundle decode passed; contact sheet inspection for assets; no live-world claim","112","56","graded","0.4456313775510204","0.11224489795918367","0.4421237244897959","0.20247339660626978","0","255","127.26642219387755","0,0,112,56","8","6"
"assets/tiles/black_forest/black_forest_ground_27.png","780f683e3dcd816768cab2a78b0f6dbd61cf24f47fc2bef63cfcaacb0b6f5680","png",";lib/network/packets/server/s_map_tiles.dart;lib/game/map/iso_map_component.dart;lib/game/map/scene_asset_loader.dart","conditional runtime / map packet","world; editor (root tiles only)","S_MAP_TILES tileDir + tiles[id]; fallback ground atlas","assets/tiles/black_forest/black_forest_ground_27.png","assets/tiles/black_forest/black_forest_ground_27.png","opaque diamond interior; transparent outer corners","no alpha defect identified by pixel scan; intended transparency preserved","P1","all pixels decoded; Flutter bundle decode passed; contact sheet inspection for assets; no live-world claim","112","56","graded","0.4456313775510204","0.11224489795918367","0.4421237244897959","0.20247339660626978","0","255","127.26642219387755","0,0,112,56","8","6"
"assets/tiles/black_forest/black_forest_ground_28.png","2d669fcb286741466f50595ec50b6a2995fde241b0b0f25b7edc5a558bef168f","png",";lib/network/packets/server/s_map_tiles.dart;lib/game/map/iso_map_component.dart;lib/game/map/scene_asset_loader.dart","conditional runtime / map packet","world; editor (root tiles only)","S_MAP_TILES tileDir + tiles[id]; fallback ground atlas","assets/tiles/black_forest/black_forest_ground_28.png","assets/tiles/black_forest/black_forest_ground_28.png","opaque diamond interior; transparent outer corners","no alpha defect identified by pixel scan; intended transparency preserved","P1","all pixels decoded; Flutter bundle decode passed; contact sheet inspection for assets; no live-world claim","112","56","graded","0.4456313775510204","0.11224489795918367","0.4421237244897959","0.20247339660626978","0","255","127.26642219387755","0,0,112,56","8","6"
"assets/tiles/black_forest/black_forest_ground_29.png","053f09bbeed942d868d353fad953c68611189c8a23046847b5ae73de8614a384","png",";lib/network/packets/server/s_map_tiles.dart;lib/game/map/iso_map_component.dart;lib/game/map/scene_asset_loader.dart","conditional runtime / map packet","world; editor (root tiles only)","S_MAP_TILES tileDir + tiles[id]; fallback ground atlas","assets/tiles/black_forest/black_forest_ground_29.png","assets/tiles/black_forest/black_forest_ground_29.png","opaque diamond interior; transparent outer corners","no alpha defect identified by pixel scan; intended transparency preserved","P1","all pixels decoded; Flutter bundle decode passed; contact sheet inspection for assets; no live-world claim","112","56","graded","0.4456313775510204","0.11224489795918367","0.4421237244897959","0.20247339660626978","0","255","127.26642219387755","0,0,112,56","8","6"
"assets/tiles/black_forest/black_forest_ground_30.png","aefd28e2521477709a6640c78cc577e5bd6d3d5c4253bab0de889b7d71f89a4d","png",";lib/network/packets/server/s_map_tiles.dart;lib/game/map/iso_map_component.dart;lib/game/map/scene_asset_loader.dart","conditional runtime / map packet","world; editor (root tiles only)","S_MAP_TILES tileDir + tiles[id]; fallback ground atlas","assets/tiles/black_forest/black_forest_ground_30.png","assets/tiles/black_forest/black_forest_ground_30.png","opaque diamond interior; transparent outer corners","no alpha defect identified by pixel scan; intended transparency preserved","P1","all pixels decoded; Flutter bundle decode passed; contact sheet inspection for assets; no live-world claim","112","56","graded","0.4456313775510204","0.11224489795918367","0.4421237244897959","0.20247339660626978","0","255","127.26642219387755","0,0,112,56","8","6"
"assets/tiles/black_forest/black_forest_ground_31.png","21c437eaf6ccec35a8fb241cb7c2544c79a0c62f908201a8c411d76a0e322c6a","png",";lib/network/packets/server/s_map_tiles.dart;lib/game/map/iso_map_component.dart;lib/game/map/scene_asset_loader.dart","conditional runtime / map packet","world; editor (root tiles only)","S_MAP_TILES tileDir + tiles[id]; fallback ground atlas","assets/tiles/black_forest/black_forest_ground_31.png","assets/tiles/black_forest/black_forest_ground_31.png","opaque diamond interior; transparent outer corners","no alpha defect identified by pixel scan; intended transparency preserved","P1","all pixels decoded; Flutter bundle decode passed; contact sheet inspection for assets; no live-world claim","112","56","graded","0.4456313775510204","0.11224489795918367","0.4421237244897959","0.20247339660626978","0","255","127.26642219387755","0,0,112,56","8","6"
"assets/tiles/black_forest/dirt_path_center.png","144c5b0f0e9e1e1b6e14fe54f164e0725ae3b7a3535c0e391fc968dd6137c381","png",";lib/network/packets/server/s_map_tiles.dart;lib/game/map/iso_map_component.dart;lib/game/map/scene_asset_loader.dart","conditional runtime / map packet","world; editor (root tiles only)","S_MAP_TILES tileDir + tiles[id]; fallback ground atlas","assets/tiles/black_forest/dirt_path_center.png","assets/tiles/black_forest/dirt_path_center.png","opaque diamond interior; transparent outer corners","no alpha defect identified by pixel scan; intended transparency preserved","P1","all pixels decoded; Flutter bundle decode passed; contact sheet inspection for assets; no live-world claim","112","56","graded","0.4456313775510204","0.11224489795918367","0.4421237244897959","0.20247339660626978","0","255","127.26642219387755","0,0,112,56","8","6"
"assets/tiles/black_forest/grass_blue.png","7fd9e83d01f7f87d6c886e279cbfc94556a893b6701d362bb64aec8c491c95dc","png",";lib/network/packets/server/s_map_tiles.dart;lib/game/map/iso_map_component.dart;lib/game/map/scene_asset_loader.dart","conditional runtime / map packet","world; editor (root tiles only)","S_MAP_TILES tileDir + tiles[id]; fallback ground atlas","assets/tiles/black_forest/grass_blue.png","assets/tiles/black_forest/grass_blue.png","opaque diamond interior; transparent outer corners","no alpha defect identified by pixel scan; intended transparency preserved","P1","all pixels decoded; Flutter bundle decode passed; contact sheet inspection for assets; no live-world claim","112","56","graded","0.4456313775510204","0.11224489795918367","0.4421237244897959","0.20247339660626978","0","255","127.26642219387755","0,0,112,56","8","6"
"assets/tiles/black_forest/grass_fern.png","ded6c8ff5704531ff65e983da2f7c58497a4c4d1f5496b42a9a2b84a925bf245","png",";lib/network/packets/server/s_map_tiles.dart;lib/game/map/iso_map_component.dart;lib/game/map/scene_asset_loader.dart","conditional runtime / map packet","world; editor (root tiles only)","S_MAP_TILES tileDir + tiles[id]; fallback ground atlas","assets/tiles/black_forest/grass_fern.png","assets/tiles/black_forest/grass_fern.png","opaque diamond interior; transparent outer corners","no alpha defect identified by pixel scan; intended transparency preserved","P1","all pixels decoded; Flutter bundle decode passed; contact sheet inspection for assets; no live-world claim","112","56","graded","0.4456313775510204","0.11224489795918367","0.4421237244897959","0.20247339660626978","0","255","127.26642219387755","0,0,112,56","8","6"
"assets/tiles/black_forest/grass_lichen.png","49e15758e1f4050a6c1b3d3005be87d4b1de490e0d8fa75a9d7f38a797466da2","png",";lib/network/packets/server/s_map_tiles.dart;lib/game/map/iso_map_component.dart;lib/game/map/scene_asset_loader.dart","conditional runtime / map packet","world; editor (root tiles only)","S_MAP_TILES tileDir + tiles[id]; fallback ground atlas","assets/tiles/black_forest/grass_lichen.png","assets/tiles/black_forest/grass_lichen.png","opaque diamond interior; transparent outer corners","no alpha defect identified by pixel scan; intended transparency preserved","P1","all pixels decoded; Flutter bundle decode passed; contact sheet inspection for assets; no live-world claim","112","56","graded","0.4456313775510204","0.11224489795918367","0.4421237244897959","0.20247339660626978","0","255","127.26642219387755","0,0,112,56","8","6"
"assets/tiles/black_forest/grass_moss.png","957ba18d29476adf739ca8250093d54572fd05c2cea2e2e08fcbda8b41b47f53","png",";lib/network/packets/server/s_map_tiles.dart;lib/game/map/iso_map_component.dart;lib/game/map/scene_asset_loader.dart","conditional runtime / map packet","world; editor (root tiles only)","S_MAP_TILES tileDir + tiles[id]; fallback ground atlas","assets/tiles/black_forest/grass_moss.png","assets/tiles/black_forest/grass_moss.png","opaque diamond interior; transparent outer corners","no alpha defect identified by pixel scan; intended transparency preserved","P1","all pixels decoded; Flutter bundle decode passed; contact sheet inspection for assets; no live-world claim","112","56","graded","0.4456313775510204","0.11224489795918367","0.4421237244897959","0.20247339660626978","0","255","127.26642219387755","0,0,112,56","8","6"
"assets/tiles/black_forest/grass_thorn.png","4450113bd2ac39d7c92f8df2dcef99cd76fcb11a05e129aa539a85a3fecdb1ec","png",";lib/network/packets/server/s_map_tiles.dart;lib/game/map/iso_map_component.dart;lib/game/map/scene_asset_loader.dart","conditional runtime / map packet","world; editor (root tiles only)","S_MAP_TILES tileDir + tiles[id]; fallback ground atlas","assets/tiles/black_forest/grass_thorn.png","assets/tiles/black_forest/grass_thorn.png","opaque diamond interior; transparent outer corners","no alpha defect identified by pixel scan; intended transparency preserved","P1","all pixels decoded; Flutter bundle decode passed; contact sheet inspection for assets; no live-world claim","112","56","graded","0.4456313775510204","0.11224489795918367","0.4421237244897959","0.20247339660626978","0","255","127.26642219387755","0,0,112,56","8","6"
"assets/tiles/black_forest/grass_withered.png","0711fa3c9ed96b088ca493444666faf97cd78c5af2428b6a2a9ce8bf280c676c","png",";lib/network/packets/server/s_map_tiles.dart;lib/game/map/iso_map_component.dart;lib/game/map/scene_asset_loader.dart","conditional runtime / map packet","world; editor (root tiles only)","S_MAP_TILES tileDir + tiles[id]; fallback ground atlas","assets/tiles/black_forest/grass_withered.png","assets/tiles/black_forest/grass_withered.png","opaque diamond interior; transparent outer corners","no alpha defect identified by pixel scan; intended transparency preserved","P1","all pixels decoded; Flutter bundle decode passed; contact sheet inspection for assets; no live-world claim","112","56","graded","0.4456313775510204","0.11224489795918367","0.4421237244897959","0.20247339660626978","0","255","127.26642219387755","0,0,112,56","8","6"
"assets/tiles/cave/cave_01.png","3e370857937e7a7e973729c2a9fdec98ea49bcc4d09909b260cd9791eee76461","png",";lib/network/packets/server/s_map_tiles.dart;lib/game/map/iso_map_component.dart;lib/game/map/scene_asset_loader.dart","conditional runtime / map packet","world; editor (root tiles only)","S_MAP_TILES tileDir + tiles[id]; fallback ground atlas","assets/tiles/cave/cave_01.png","assets/tiles/cave/cave_01.png","opaque diamond interior; transparent outer corners","no alpha defect identified by pixel scan; intended transparency preserved","P1","all pixels decoded; Flutter bundle decode passed; contact sheet inspection for assets; no live-world claim","112","56","graded","0.3942920918367347","0.16358418367346939","0.4421237244897959","0.2700710713345617","0","255","130.4279336734694","0,0,112,56","8","6"
"assets/tiles/cave/cave_02.png","ac25c5310e8cf4d76757b3e4d3fa9a8f19ef7aa736c82fb6ab1739cf83bebdda","png",";lib/network/packets/server/s_map_tiles.dart;lib/game/map/iso_map_component.dart;lib/game/map/scene_asset_loader.dart","conditional runtime / map packet","world; editor (root tiles only)","S_MAP_TILES tileDir + tiles[id]; fallback ground atlas","assets/tiles/cave/cave_02.png","assets/tiles/cave/cave_02.png","opaque diamond interior; transparent outer corners","no alpha defect identified by pixel scan; intended transparency preserved","P1","all pixels decoded; Flutter bundle decode passed; contact sheet inspection for assets; no live-world claim","112","56","graded","0.3942920918367347","0.16358418367346939","0.4421237244897959","0.2700710713345617","0","255","130.4279336734694","0,0,112,56","8","6"
"assets/tiles/cave/cave_03.png","4df3287cfa1fd7162968a9c68673ae367c589b364272a7809c7b7af6c2c65b53","png",";lib/network/packets/server/s_map_tiles.dart;lib/game/map/iso_map_component.dart;lib/game/map/scene_asset_loader.dart","conditional runtime / map packet","world; editor (root tiles only)","S_MAP_TILES tileDir + tiles[id]; fallback ground atlas","assets/tiles/cave/cave_03.png","assets/tiles/cave/cave_03.png","opaque diamond interior; transparent outer corners","no alpha defect identified by pixel scan; intended transparency preserved","P1","all pixels decoded; Flutter bundle decode passed; contact sheet inspection for assets; no live-world claim","112","56","graded","0.3942920918367347","0.16358418367346939","0.4421237244897959","0.2700710713345617","0","255","130.4279336734694","0,0,112,56","8","6"
"assets/tiles/cave/cave_04.png","c126f4263afa4839821c5a1db5c63c3d18b73ad37adc07d9c982cb5853019cbc","png",";lib/network/packets/server/s_map_tiles.dart;lib/game/map/iso_map_component.dart;lib/game/map/scene_asset_loader.dart","conditional runtime / map packet","world; editor (root tiles only)","S_MAP_TILES tileDir + tiles[id]; fallback ground atlas","assets/tiles/cave/cave_04.png","assets/tiles/cave/cave_04.png","opaque diamond interior; transparent outer corners","no alpha defect identified by pixel scan; intended transparency preserved","P1","all pixels decoded; Flutter bundle decode passed; contact sheet inspection for assets; no live-world claim","112","56","graded","0.3942920918367347","0.16358418367346939","0.4421237244897959","0.2700710713345617","0","255","130.4279336734694","0,0,112,56","8","6"
"assets/tiles/cave/cave_05.png","e4783010dc5cd69bde92aea7c0a3f7a0abcedbe7bcf56a7904f10f444abd807c","png",";lib/network/packets/server/s_map_tiles.dart;lib/game/map/iso_map_component.dart;lib/game/map/scene_asset_loader.dart","conditional runtime / map packet","world; editor (root tiles only)","S_MAP_TILES tileDir + tiles[id]; fallback ground atlas","assets/tiles/cave/cave_05.png","assets/tiles/cave/cave_05.png","opaque diamond interior; transparent outer corners","no alpha defect identified by pixel scan; intended transparency preserved","P1","all pixels decoded; Flutter bundle decode passed; contact sheet inspection for assets; no live-world claim","112","56","graded","0.3942920918367347","0.16358418367346939","0.4421237244897959","0.2700710713345617","0","255","130.4279336734694","0,0,112,56","8","6"
"assets/tiles/cave/cave_06.png","1e4aaca4bfa7c219b3b410ec923c7b0fe12cb5321531e505e7fab825aabab7fa","png",";lib/network/packets/server/s_map_tiles.dart;lib/game/map/iso_map_component.dart;lib/game/map/scene_asset_loader.dart","conditional runtime / map packet","world; editor (root tiles only)","S_MAP_TILES tileDir + tiles[id]; fallback ground atlas","assets/tiles/cave/cave_06.png","assets/tiles/cave/cave_06.png","opaque diamond interior; transparent outer corners","no alpha defect identified by pixel scan; intended transparency preserved","P1","all pixels decoded; Flutter bundle decode passed; contact sheet inspection for assets; no live-world claim","112","56","graded","0.3942920918367347","0.16358418367346939","0.4421237244897959","0.2700710713345617","0","255","130.4279336734694","0,0,112,56","8","6"
"assets/tiles/cave/cave_07.png","95855760cb7fa5637ba3f86dbb4d553bcfddafa057a61b990588bf4ba968fc06","png",";lib/network/packets/server/s_map_tiles.dart;lib/game/map/iso_map_component.dart;lib/game/map/scene_asset_loader.dart","conditional runtime / map packet","world; editor (root tiles only)","S_MAP_TILES tileDir + tiles[id]; fallback ground atlas","assets/tiles/cave/cave_07.png","assets/tiles/cave/cave_07.png","opaque diamond interior; transparent outer corners","no alpha defect identified by pixel scan; intended transparency preserved","P1","all pixels decoded; Flutter bundle decode passed; contact sheet inspection for assets; no live-world claim","112","56","graded","0.3942920918367347","0.16358418367346939","0.4421237244897959","0.2700710713345617","0","255","130.4279336734694","0,0,112,56","8","6"
"assets/tiles/cave/cave_08.png","65e53ba4a5799b9016dc0f2868da56df0f765674df457122cd9d284c4a5890d0","png",";lib/network/packets/server/s_map_tiles.dart;lib/game/map/iso_map_component.dart;lib/game/map/scene_asset_loader.dart","conditional runtime / map packet","world; editor (root tiles only)","S_MAP_TILES tileDir + tiles[id]; fallback ground atlas","assets/tiles/cave/cave_08.png","assets/tiles/cave/cave_08.png","opaque diamond interior; transparent outer corners","no alpha defect identified by pixel scan; intended transparency preserved","P1","all pixels decoded; Flutter bundle decode passed; contact sheet inspection for assets; no live-world claim","112","56","graded","0.3942920918367347","0.16358418367346939","0.4421237244897959","0.2700710713345617","0","255","130.4279336734694","0,0,112,56","8","6"
"assets/tiles/cave/cave_09.png","886bfad230db8390e8c2ff278e23ee0ea1fa75a4bd1615112cb58c609cb7d8a8","png",";lib/network/packets/server/s_map_tiles.dart;lib/game/map/iso_map_component.dart;lib/game/map/scene_asset_loader.dart","conditional runtime / map packet","world; editor (root tiles only)","S_MAP_TILES tileDir + tiles[id]; fallback ground atlas","assets/tiles/cave/cave_09.png","assets/tiles/cave/cave_09.png","opaque diamond interior; transparent outer corners","no alpha defect identified by pixel scan; intended transparency preserved","P1","all pixels decoded; Flutter bundle decode passed; contact sheet inspection for assets; no live-world claim","112","56","graded","0.3942920918367347","0.16358418367346939","0.4421237244897959","0.2700710713345617","0","255","130.4279336734694","0,0,112,56","8","6"
"assets/tiles/cave/cave_10.png","a41a98323b0da669d21765a9e44b617d33bec0d9fba071163432a23fd73d0b2a","png",";lib/network/packets/server/s_map_tiles.dart;lib/game/map/iso_map_component.dart;lib/game/map/scene_asset_loader.dart","conditional runtime / map packet","world; editor (root tiles only)","S_MAP_TILES tileDir + tiles[id]; fallback ground atlas","assets/tiles/cave/cave_10.png","assets/tiles/cave/cave_10.png","opaque diamond interior; transparent outer corners","no alpha defect identified by pixel scan; intended transparency preserved","P1","all pixels decoded; Flutter bundle decode passed; contact sheet inspection for assets; no live-world claim","112","56","graded","0.3942920918367347","0.16358418367346939","0.4421237244897959","0.2700710713345617","0","255","130.4279336734694","0,0,112,56","8","6"
"assets/tiles/cave/cave_11.png","d69b3a61c5590dd90c9ab46112c448c49bbfb85742571337b18aec8a82cfe8d3","png",";lib/network/packets/server/s_map_tiles.dart;lib/game/map/iso_map_component.dart;lib/game/map/scene_asset_loader.dart","conditional runtime / map packet","world; editor (root tiles only)","S_MAP_TILES tileDir + tiles[id]; fallback ground atlas","assets/tiles/cave/cave_11.png","assets/tiles/cave/cave_11.png","opaque diamond interior; transparent outer corners","no alpha defect identified by pixel scan; intended transparency preserved","P1","all pixels decoded; Flutter bundle decode passed; contact sheet inspection for assets; no live-world claim","112","56","graded","0.3942920918367347","0.16358418367346939","0.4421237244897959","0.2700710713345617","0","255","130.4279336734694","0,0,112,56","8","6"
"assets/tiles/cave/cave_12.png","110f749c48d7915a9dbd5ce43be3715c6b574066bf325140227177badd59a6f4","png",";lib/network/packets/server/s_map_tiles.dart;lib/game/map/iso_map_component.dart;lib/game/map/scene_asset_loader.dart","conditional runtime / map packet","world; editor (root tiles only)","S_MAP_TILES tileDir + tiles[id]; fallback ground atlas","assets/tiles/cave/cave_12.png","assets/tiles/cave/cave_12.png","opaque diamond interior; transparent outer corners","no alpha defect identified by pixel scan; intended transparency preserved","P1","all pixels decoded; Flutter bundle decode passed; contact sheet inspection for assets; no live-world claim","112","56","graded","0.3942920918367347","0.16358418367346939","0.4421237244897959","0.2700710713345617","0","255","130.4279336734694","0,0,112,56","8","6"
"assets/tiles/cave/cave_13.png","9d3e5b1323e721de462eed240d40dd292d2fab86f2cb0eebe83a96b99d42bbc2","png",";lib/network/packets/server/s_map_tiles.dart;lib/game/map/iso_map_component.dart;lib/game/map/scene_asset_loader.dart","conditional runtime / map packet","world; editor (root tiles only)","S_MAP_TILES tileDir + tiles[id]; fallback ground atlas","assets/tiles/cave/cave_13.png","assets/tiles/cave/cave_13.png","opaque diamond interior; transparent outer corners","no alpha defect identified by pixel scan; intended transparency preserved","P1","all pixels decoded; Flutter bundle decode passed; contact sheet inspection for assets; no live-world claim","112","56","graded","0.3942920918367347","0.16358418367346939","0.4421237244897959","0.2700710713345617","0","255","130.4279336734694","0,0,112,56","8","6"
"assets/tiles/cave/cave_14.png","bab47afa88ecc6000169b2b6a2a6b42498755a5182fdd2bae96b46f05ffcd063","png",";lib/network/packets/server/s_map_tiles.dart;lib/game/map/iso_map_component.dart;lib/game/map/scene_asset_loader.dart","conditional runtime / map packet","world; editor (root tiles only)","S_MAP_TILES tileDir + tiles[id]; fallback ground atlas","assets/tiles/cave/cave_14.png","assets/tiles/cave/cave_14.png","opaque diamond interior; transparent outer corners","no alpha defect identified by pixel scan; intended transparency preserved","P1","all pixels decoded; Flutter bundle decode passed; contact sheet inspection for assets; no live-world claim","112","56","graded","0.3942920918367347","0.16358418367346939","0.4421237244897959","0.2700710713345617","0","255","130.4279336734694","0,0,112,56","8","6"
"assets/tiles/cave/cave_15.png","5637bc1e297efdafb46451faeec685bf2e86fcd03394a40282126e045738fe98","png",";lib/network/packets/server/s_map_tiles.dart;lib/game/map/iso_map_component.dart;lib/game/map/scene_asset_loader.dart","conditional runtime / map packet","world; editor (root tiles only)","S_MAP_TILES tileDir + tiles[id]; fallback ground atlas","assets/tiles/cave/cave_15.png","assets/tiles/cave/cave_15.png","opaque diamond interior; transparent outer corners","no alpha defect identified by pixel scan; intended transparency preserved","P1","all pixels decoded; Flutter bundle decode passed; contact sheet inspection for assets; no live-world claim","112","56","graded","0.3942920918367347","0.16358418367346939","0.4421237244897959","0.2700710713345617","0","255","130.4279336734694","0,0,112,56","8","6"
"assets/tiles/cave/cave_16.png","eba785a880e02df4c765c6b552dfcd89c8bdd840e5ed5e84e2a84c9cdc4cfbe7","png",";lib/network/packets/server/s_map_tiles.dart;lib/game/map/iso_map_component.dart;lib/game/map/scene_asset_loader.dart","conditional runtime / map packet","world; editor (root tiles only)","S_MAP_TILES tileDir + tiles[id]; fallback ground atlas","assets/tiles/cave/cave_16.png","assets/tiles/cave/cave_16.png","opaque diamond interior; transparent outer corners","no alpha defect identified by pixel scan; intended transparency preserved","P1","all pixels decoded; Flutter bundle decode passed; contact sheet inspection for assets; no live-world claim","112","56","graded","0.3942920918367347","0.16358418367346939","0.4421237244897959","0.2700710713345617","0","255","130.4279336734694","0,0,112,56","8","6"
"assets/tiles/ground/brick_dark_1.png","cea2ad07a0674889acc19cbd4193ab18b68e95d7b3d9763f4146997414853bea","png",";lib/network/packets/server/s_map_tiles.dart;lib/game/map/iso_map_component.dart;lib/game/map/scene_asset_loader.dart","conditional runtime / map packet","world; editor (root tiles only)","S_MAP_TILES tileDir + tiles[id]; fallback ground atlas","assets/tiles/ground/brick_dark_1.png","assets/tiles/ground/brick_dark_1.png","opaque diamond interior; transparent outer corners","no alpha defect identified by pixel scan; intended transparency preserved","P1","all pixels decoded; Flutter bundle decode passed; contact sheet inspection for assets; no live-world claim","48","24","graded","0.4340277777777778","0.08333333333333333","0.4826388888888889","0.147239263803681","0","255","133.16319444444446","0,0,48,24","8","6"
"assets/tiles/ground/brick_dark_2.png","fb03f27109df68c4d2c71b1b170b01168f198bf248210cbe31a44666bbc54547","png",";lib/network/packets/server/s_map_tiles.dart;lib/game/map/iso_map_component.dart;lib/game/map/scene_asset_loader.dart","conditional runtime / map packet","world; editor (root tiles only)","S_MAP_TILES tileDir + tiles[id]; fallback ground atlas","assets/tiles/ground/brick_dark_2.png","assets/tiles/ground/brick_dark_2.png","opaque diamond interior; transparent outer corners","no alpha defect identified by pixel scan; intended transparency preserved","P1","all pixels decoded; Flutter bundle decode passed; contact sheet inspection for assets; no live-world claim","48","24","graded","0.4340277777777778","0.08333333333333333","0.4826388888888889","0.147239263803681","0","255","133.16319444444446","0,0,48,24","8","6"
"assets/tiles/ground/brick_dark_3.png","04469c4eeb9e16ce2ed2252307524350dfdcb446fcae17b2ed8279d85ab68017","png",";lib/network/packets/server/s_map_tiles.dart;lib/game/map/iso_map_component.dart;lib/game/map/scene_asset_loader.dart","conditional runtime / map packet","world; editor (root tiles only)","S_MAP_TILES tileDir + tiles[id]; fallback ground atlas","assets/tiles/ground/brick_dark_3.png","assets/tiles/ground/brick_dark_3.png","opaque diamond interior; transparent outer corners","no alpha defect identified by pixel scan; intended transparency preserved","P1","all pixels decoded; Flutter bundle decode passed; contact sheet inspection for assets; no live-world claim","48","24","graded","0.4340277777777778","0.08333333333333333","0.4826388888888889","0.147239263803681","0","255","133.16319444444446","0,0,48,24","8","6"
"assets/tiles/ground/brick_dark_4.png","28aae7122ffc799177909977fa11b95ebbaecaa48d87991a2bb4b6e565ace5dc","png",";lib/network/packets/server/s_map_tiles.dart;lib/game/map/iso_map_component.dart;lib/game/map/scene_asset_loader.dart","conditional runtime / map packet","world; editor (root tiles only)","S_MAP_TILES tileDir + tiles[id]; fallback ground atlas","assets/tiles/ground/brick_dark_4.png","assets/tiles/ground/brick_dark_4.png","opaque diamond interior; transparent outer corners","no alpha defect identified by pixel scan; intended transparency preserved","P1","all pixels decoded; Flutter bundle decode passed; contact sheet inspection for assets; no live-world claim","48","24","graded","0.4340277777777778","0.08333333333333333","0.4826388888888889","0.147239263803681","0","255","133.16319444444446","0,0,48,24","8","6"
"assets/tiles/ground/brick_dark_5.png","6841a6ce090b3ea042029330ca77136a3f954c12ff826c581ba805fb62957852","png",";lib/network/packets/server/s_map_tiles.dart;lib/game/map/iso_map_component.dart;lib/game/map/scene_asset_loader.dart","conditional runtime / map packet","world; editor (root tiles only)","S_MAP_TILES tileDir + tiles[id]; fallback ground atlas","assets/tiles/ground/brick_dark_5.png","assets/tiles/ground/brick_dark_5.png","opaque diamond interior; transparent outer corners","no alpha defect identified by pixel scan; intended transparency preserved","P1","all pixels decoded; Flutter bundle decode passed; contact sheet inspection for assets; no live-world claim","48","24","graded","0.4340277777777778","0.08333333333333333","0.4826388888888889","0.147239263803681","0","255","133.16319444444446","0,0,48,24","8","6"
"assets/tiles/ground/brick_light_1.png","2b38c3da19ed38c0f8670f0ffa1aae03e5e8b0fd61ebc3b7e5b1a13874ea3160","png",";lib/network/packets/server/s_map_tiles.dart;lib/game/map/iso_map_component.dart;lib/game/map/scene_asset_loader.dart","conditional runtime / map packet","world; editor (root tiles only)","S_MAP_TILES tileDir + tiles[id]; fallback ground atlas","assets/tiles/ground/brick_light_1.png","assets/tiles/ground/brick_light_1.png","opaque diamond interior; transparent outer corners","no alpha defect identified by pixel scan; intended transparency preserved","P1","all pixels decoded; Flutter bundle decode passed; contact sheet inspection for assets; no live-world claim","48","24","graded","0.4340277777777778","0.08333333333333333","0.4826388888888889","0.147239263803681","0","255","133.16319444444446","0,0,48,24","8","6"
"assets/tiles/ground/brick_light_2.png","0557021e8d315f6fcf5ad95ddfaa954dd1b3853b343594ea96be9224407e37de","png",";lib/network/packets/server/s_map_tiles.dart;lib/game/map/iso_map_component.dart;lib/game/map/scene_asset_loader.dart","conditional runtime / map packet","world; editor (root tiles only)","S_MAP_TILES tileDir + tiles[id]; fallback ground atlas","assets/tiles/ground/brick_light_2.png","assets/tiles/ground/brick_light_2.png","opaque diamond interior; transparent outer corners","no alpha defect identified by pixel scan; intended transparency preserved","P1","all pixels decoded; Flutter bundle decode passed; contact sheet inspection for assets; no live-world claim","48","24","graded","0.4340277777777778","0.08333333333333333","0.4826388888888889","0.147239263803681","0","255","133.16319444444446","0,0,48,24","8","6"
"assets/tiles/ground/brick_light_3.png","19e516e7120afe1dee1a5a9a6688fc0260c1059872e350967f4b8d926261a4dd","png",";lib/network/packets/server/s_map_tiles.dart;lib/game/map/iso_map_component.dart;lib/game/map/scene_asset_loader.dart","conditional runtime / map packet","world; editor (root tiles only)","S_MAP_TILES tileDir + tiles[id]; fallback ground atlas","assets/tiles/ground/brick_light_3.png","assets/tiles/ground/brick_light_3.png","opaque diamond interior; transparent outer corners","no alpha defect identified by pixel scan; intended transparency preserved","P1","all pixels decoded; Flutter bundle decode passed; contact sheet inspection for assets; no live-world claim","48","24","graded","0.4340277777777778","0.08333333333333333","0.4826388888888889","0.147239263803681","0","255","133.16319444444446","0,0,48,24","8","6"
"assets/tiles/ground/brick_light_4.png","1543030f69f7463472856341012ea86da011ee0340da25d69253367cc8d58aee","png",";lib/network/packets/server/s_map_tiles.dart;lib/game/map/iso_map_component.dart;lib/game/map/scene_asset_loader.dart","conditional runtime / map packet","world; editor (root tiles only)","S_MAP_TILES tileDir + tiles[id]; fallback ground atlas","assets/tiles/ground/brick_light_4.png","assets/tiles/ground/brick_light_4.png","opaque diamond interior; transparent outer corners","no alpha defect identified by pixel scan; intended transparency preserved","P1","all pixels decoded; Flutter bundle decode passed; contact sheet inspection for assets; no live-world claim","48","24","graded","0.4340277777777778","0.08333333333333333","0.4826388888888889","0.147239263803681","0","255","133.16319444444446","0,0,48,24","8","6"
"assets/tiles/ground/brick_light_5.png","453b88c7618e1dbd5eeda9d83d8fa63c5ec11c5201a2914b4f77b3218dfb1fb2","png",";lib/network/packets/server/s_map_tiles.dart;lib/game/map/iso_map_component.dart;lib/game/map/scene_asset_loader.dart","conditional runtime / map packet","world; editor (root tiles only)","S_MAP_TILES tileDir + tiles[id]; fallback ground atlas","assets/tiles/ground/brick_light_5.png","assets/tiles/ground/brick_light_5.png","opaque diamond interior; transparent outer corners","no alpha defect identified by pixel scan; intended transparency preserved","P1","all pixels decoded; Flutter bundle decode passed; contact sheet inspection for assets; no live-world claim","48","24","graded","0.4340277777777778","0.08333333333333333","0.4826388888888889","0.147239263803681","0","255","133.16319444444446","0,0,48,24","8","6"
"assets/tiles/ground/brick_light_6.png","e8e857026bc7ff57b1f84b3ea1bf5879f867f62c1836d2b428aa59d7fb81383d","png",";lib/network/packets/server/s_map_tiles.dart;lib/game/map/iso_map_component.dart;lib/game/map/scene_asset_loader.dart","conditional runtime / map packet","world; editor (root tiles only)","S_MAP_TILES tileDir + tiles[id]; fallback ground atlas","assets/tiles/ground/brick_light_6.png","assets/tiles/ground/brick_light_6.png","opaque diamond interior; transparent outer corners","no alpha defect identified by pixel scan; intended transparency preserved","P1","all pixels decoded; Flutter bundle decode passed; contact sheet inspection for assets; no live-world claim","48","24","graded","0.4340277777777778","0.08333333333333333","0.4826388888888889","0.147239263803681","0","255","133.16319444444446","0,0,48,24","8","6"
"assets/tiles/ground/brick_light_7.png","c7825eeace00b028f06ec252e7c7da9a3674030bf939dc6108a9f9773e1a6743","png",";lib/network/packets/server/s_map_tiles.dart;lib/game/map/iso_map_component.dart;lib/game/map/scene_asset_loader.dart","conditional runtime / map packet","world; editor (root tiles only)","S_MAP_TILES tileDir + tiles[id]; fallback ground atlas","assets/tiles/ground/brick_light_7.png","assets/tiles/ground/brick_light_7.png","opaque diamond interior; transparent outer corners","no alpha defect identified by pixel scan; intended transparency preserved","P1","all pixels decoded; Flutter bundle decode passed; contact sheet inspection for assets; no live-world claim","48","24","graded","0.4340277777777778","0.08333333333333333","0.4826388888888889","0.147239263803681","0","255","133.16319444444446","0,0,48,24","8","6"
"assets/tiles/ground/brick_mid_1.png","793183736c1298621af6067051fa36f725db3037105db633c997134ef4da7053","png",";lib/network/packets/server/s_map_tiles.dart;lib/game/map/iso_map_component.dart;lib/game/map/scene_asset_loader.dart","conditional runtime / map packet","world; editor (root tiles only)","S_MAP_TILES tileDir + tiles[id]; fallback ground atlas","assets/tiles/ground/brick_mid_1.png","assets/tiles/ground/brick_mid_1.png","opaque diamond interior; transparent outer corners","no alpha defect identified by pixel scan; intended transparency preserved","P1","all pixels decoded; Flutter bundle decode passed; contact sheet inspection for assets; no live-world claim","48","24","graded","0.4340277777777778","0.08333333333333333","0.4826388888888889","0.147239263803681","0","255","133.16319444444446","0,0,48,24","8","6"
"assets/tiles/ground/brick_mid_2.png","aebdc5d321b39391d0c145d2d3c47c415e1ecc65a630c819729ce5b46a58a465","png",";lib/network/packets/server/s_map_tiles.dart;lib/game/map/iso_map_component.dart;lib/game/map/scene_asset_loader.dart","conditional runtime / map packet","world; editor (root tiles only)","S_MAP_TILES tileDir + tiles[id]; fallback ground atlas","assets/tiles/ground/brick_mid_2.png","assets/tiles/ground/brick_mid_2.png","opaque diamond interior; transparent outer corners","no alpha defect identified by pixel scan; intended transparency preserved","P1","all pixels decoded; Flutter bundle decode passed; contact sheet inspection for assets; no live-world claim","48","24","graded","0.4340277777777778","0.08333333333333333","0.4826388888888889","0.147239263803681","0","255","133.16319444444446","0,0,48,24","8","6"
"assets/tiles/ground/brick_mid_3.png","d32cd604043e28a36a8793b248ba818cec7f3177abeb2688c1df1d8cc693474a","png",";lib/network/packets/server/s_map_tiles.dart;lib/game/map/iso_map_component.dart;lib/game/map/scene_asset_loader.dart","conditional runtime / map packet","world; editor (root tiles only)","S_MAP_TILES tileDir + tiles[id]; fallback ground atlas","assets/tiles/ground/brick_mid_3.png","assets/tiles/ground/brick_mid_3.png","opaque diamond interior; transparent outer corners","no alpha defect identified by pixel scan; intended transparency preserved","P1","all pixels decoded; Flutter bundle decode passed; contact sheet inspection for assets; no live-world claim","48","24","graded","0.4340277777777778","0.08333333333333333","0.4826388888888889","0.147239263803681","0","255","133.16319444444446","0,0,48,24","8","6"
"assets/tiles/ground/brick_mid_4.png","8c0b6ec55ec622fd04a86ac72902325a3595eaa815a22d8586daac0bf580eaf7","png",";lib/network/packets/server/s_map_tiles.dart;lib/game/map/iso_map_component.dart;lib/game/map/scene_asset_loader.dart","conditional runtime / map packet","world; editor (root tiles only)","S_MAP_TILES tileDir + tiles[id]; fallback ground atlas","assets/tiles/ground/brick_mid_4.png","assets/tiles/ground/brick_mid_4.png","opaque diamond interior; transparent outer corners","no alpha defect identified by pixel scan; intended transparency preserved","P1","all pixels decoded; Flutter bundle decode passed; contact sheet inspection for assets; no live-world claim","48","24","graded","0.4340277777777778","0.08333333333333333","0.4826388888888889","0.147239263803681","0","255","133.16319444444446","0,0,48,24","8","6"
"assets/tiles/ground_brick.png","ebd10660af0df2d0c42e8b9981664a8c89e8744a49d9b18a2a41d81ba5f4ffb1","png","lib/game/map/iso_map_data.dart;lib/network/packets/server/s_map_tiles.dart;lib/game/map/iso_map_component.dart;lib/game/map/scene_asset_loader.dart","conditional runtime / map packet","world; editor (root tiles only)","S_MAP_TILES tileDir + tiles[id]; fallback ground atlas","assets/tiles/ground_brick.png","assets/tiles/ground_brick.png","opaque diamond interior; transparent outer corners","no alpha defect identified by pixel scan; intended transparency preserved","P1","all pixels decoded; Flutter bundle decode passed; contact sheet inspection for assets; no live-world claim","384","48","graded","0.4348958333333333","0.14756944444444445","0.4175347222222222","0.261136712749616","0","255","123.7109375","0,0,384,48","8","6"
"assets/tiles/ground_ref/stone_01.png","bf5e94a104109d5f7d2e2a40a4db397e0526b07a68bcfbb1190e629e2924eb57","png",";lib/network/packets/server/s_map_tiles.dart;lib/game/map/iso_map_component.dart;lib/game/map/scene_asset_loader.dart","conditional runtime / map packet","world; editor (root tiles only)","S_MAP_TILES tileDir + tiles[id]; fallback ground atlas","assets/tiles/ground_ref/stone_01.png","assets/tiles/ground_ref/stone_01.png","opaque diamond interior; transparent outer corners","no alpha defect identified by pixel scan; intended transparency preserved","P1","all pixels decoded; Flutter bundle decode passed; contact sheet inspection for assets; no live-world claim","48","24","graded","0.3020833333333333","0.375","0.3229166666666667","0.5373134328358209","0","255","133.09027777777777","0,0,48,24","8","6"
"assets/tiles/ground_ref/stone_02.png","f06e9aeabcf0127453f96643370b931cda53a8c014dfad3bf44e8226f2db5974","png",";lib/network/packets/server/s_map_tiles.dart;lib/game/map/iso_map_component.dart;lib/game/map/scene_asset_loader.dart","conditional runtime / map packet","world; editor (root tiles only)","S_MAP_TILES tileDir + tiles[id]; fallback ground atlas","assets/tiles/ground_ref/stone_02.png","assets/tiles/ground_ref/stone_02.png","opaque diamond interior; transparent outer corners","no alpha defect identified by pixel scan; intended transparency preserved","P1","all pixels decoded; Flutter bundle decode passed; contact sheet inspection for assets; no live-world claim","48","24","graded","0.3020833333333333","0.375","0.3229166666666667","0.5373134328358209","0","255","133.09027777777777","0,0,48,24","8","6"
"assets/tiles/ground_ref/stone_03.png","a26d97ffe5d94e4ccd89c0f97616c8ef8c3d7757c4b9024a7dd3c85b1dc66c4e","png",";lib/network/packets/server/s_map_tiles.dart;lib/game/map/iso_map_component.dart;lib/game/map/scene_asset_loader.dart","conditional runtime / map packet","world; editor (root tiles only)","S_MAP_TILES tileDir + tiles[id]; fallback ground atlas","assets/tiles/ground_ref/stone_03.png","assets/tiles/ground_ref/stone_03.png","opaque diamond interior; transparent outer corners","no alpha defect identified by pixel scan; intended transparency preserved","P1","all pixels decoded; Flutter bundle decode passed; contact sheet inspection for assets; no live-world claim","48","24","graded","0.3020833333333333","0.375","0.3229166666666667","0.5373134328358209","0","255","133.09027777777777","0,0,48,24","8","6"
"assets/tiles/ground_ref/stone_04.png","fda4379fcddd4a4ca74843c73b9833ce5246f6cd19bc414d9c1444c39e51a2af","png",";lib/network/packets/server/s_map_tiles.dart;lib/game/map/iso_map_component.dart;lib/game/map/scene_asset_loader.dart","conditional runtime / map packet","world; editor (root tiles only)","S_MAP_TILES tileDir + tiles[id]; fallback ground atlas","assets/tiles/ground_ref/stone_04.png","assets/tiles/ground_ref/stone_04.png","opaque diamond interior; transparent outer corners","no alpha defect identified by pixel scan; intended transparency preserved","P1","all pixels decoded; Flutter bundle decode passed; contact sheet inspection for assets; no live-world claim","48","24","graded","0.3020833333333333","0.375","0.3229166666666667","0.5373134328358209","0","255","133.09027777777777","0,0,48,24","8","6"
"assets/tiles/ground_ref/stone_05.png","ba18a19fbe5c26a71e0b2e7cc9076a25d537d779957f9a058dee8963f5e2c18e","png",";lib/network/packets/server/s_map_tiles.dart;lib/game/map/iso_map_component.dart;lib/game/map/scene_asset_loader.dart","conditional runtime / map packet","world; editor (root tiles only)","S_MAP_TILES tileDir + tiles[id]; fallback ground atlas","assets/tiles/ground_ref/stone_05.png","assets/tiles/ground_ref/stone_05.png","opaque diamond interior; transparent outer corners","no alpha defect identified by pixel scan; intended transparency preserved","P1","all pixels decoded; Flutter bundle decode passed; contact sheet inspection for assets; no live-world claim","48","24","graded","0.3020833333333333","0.375","0.3229166666666667","0.5373134328358209","0","255","133.09027777777777","0,0,48,24","8","6"
"assets/tiles/ground_ref/stone_06.png","87ec8e3546bda3f31f4a3e8dfb86955c58e3f6c72a7a36ff25aab1dc0d554cac","png",";lib/network/packets/server/s_map_tiles.dart;lib/game/map/iso_map_component.dart;lib/game/map/scene_asset_loader.dart","conditional runtime / map packet","world; editor (root tiles only)","S_MAP_TILES tileDir + tiles[id]; fallback ground atlas","assets/tiles/ground_ref/stone_06.png","assets/tiles/ground_ref/stone_06.png","opaque diamond interior; transparent outer corners","no alpha defect identified by pixel scan; intended transparency preserved","P1","all pixels decoded; Flutter bundle decode passed; contact sheet inspection for assets; no live-world claim","48","24","graded","0.3020833333333333","0.375","0.3229166666666667","0.5373134328358209","0","255","133.09027777777777","0,0,48,24","8","6"
"assets/tiles/ground_ref/stone_07.png","5014b36f7fd7cd012ce49e9bea0d23128a44840888cab4cc4381864582ffda45","png",";lib/network/packets/server/s_map_tiles.dart;lib/game/map/iso_map_component.dart;lib/game/map/scene_asset_loader.dart","conditional runtime / map packet","world; editor (root tiles only)","S_MAP_TILES tileDir + tiles[id]; fallback ground atlas","assets/tiles/ground_ref/stone_07.png","assets/tiles/ground_ref/stone_07.png","opaque diamond interior; transparent outer corners","no alpha defect identified by pixel scan; intended transparency preserved","P1","all pixels decoded; Flutter bundle decode passed; contact sheet inspection for assets; no live-world claim","48","24","graded","0.3020833333333333","0.375","0.3229166666666667","0.5373134328358209","0","255","133.09027777777777","0,0,48,24","8","6"
"assets/tiles/ground_ref/stone_08.png","bdf13c7527b45d7756744bd1fe06a88308c1493b8a49d25562d4008c5c6f7474","png",";lib/network/packets/server/s_map_tiles.dart;lib/game/map/iso_map_component.dart;lib/game/map/scene_asset_loader.dart","conditional runtime / map packet","world; editor (root tiles only)","S_MAP_TILES tileDir + tiles[id]; fallback ground atlas","assets/tiles/ground_ref/stone_08.png","assets/tiles/ground_ref/stone_08.png","opaque diamond interior; transparent outer corners","no alpha defect identified by pixel scan; intended transparency preserved","P1","all pixels decoded; Flutter bundle decode passed; contact sheet inspection for assets; no live-world claim","48","24","graded","0.3020833333333333","0.375","0.3229166666666667","0.5373134328358209","0","255","133.09027777777777","0,0,48,24","8","6"
"assets/tiles/ground_ref/stone_09.png","3d827516447010e9d5e804ba82a0d5a4621e729d12c0d7d947e4f1e6f1f1c524","png",";lib/network/packets/server/s_map_tiles.dart;lib/game/map/iso_map_component.dart;lib/game/map/scene_asset_loader.dart","conditional runtime / map packet","world; editor (root tiles only)","S_MAP_TILES tileDir + tiles[id]; fallback ground atlas","assets/tiles/ground_ref/stone_09.png","assets/tiles/ground_ref/stone_09.png","opaque diamond interior; transparent outer corners","no alpha defect identified by pixel scan; intended transparency preserved","P1","all pixels decoded; Flutter bundle decode passed; contact sheet inspection for assets; no live-world claim","48","24","graded","0.3020833333333333","0.375","0.3229166666666667","0.5373134328358209","0","255","133.09027777777777","0,0,48,24","8","6"
"assets/tiles/ground_ref/stone_10.png","ed726fc7ac587fdd00ec7e4082778af7f78cb60b46c79a26be469837851fa803","png",";lib/network/packets/server/s_map_tiles.dart;lib/game/map/iso_map_component.dart;lib/game/map/scene_asset_loader.dart","conditional runtime / map packet","world; editor (root tiles only)","S_MAP_TILES tileDir + tiles[id]; fallback ground atlas","assets/tiles/ground_ref/stone_10.png","assets/tiles/ground_ref/stone_10.png","opaque diamond interior; transparent outer corners","no alpha defect identified by pixel scan; intended transparency preserved","P1","all pixels decoded; Flutter bundle decode passed; contact sheet inspection for assets; no live-world claim","48","24","graded","0.3020833333333333","0.375","0.3229166666666667","0.5373134328358209","0","255","133.09027777777777","0,0,48,24","8","6"
"assets/tiles/ground_ref/stone_11.png","632753b22ff5f9ea82a1734fab00e6d4e6341e4638823a88c1ad9604f86b7641","png",";lib/network/packets/server/s_map_tiles.dart;lib/game/map/iso_map_component.dart;lib/game/map/scene_asset_loader.dart","conditional runtime / map packet","world; editor (root tiles only)","S_MAP_TILES tileDir + tiles[id]; fallback ground atlas","assets/tiles/ground_ref/stone_11.png","assets/tiles/ground_ref/stone_11.png","opaque diamond interior; transparent outer corners","no alpha defect identified by pixel scan; intended transparency preserved","P1","all pixels decoded; Flutter bundle decode passed; contact sheet inspection for assets; no live-world claim","48","24","graded","0.3020833333333333","0.375","0.3229166666666667","0.5373134328358209","0","255","133.09027777777777","0,0,48,24","8","6"
"assets/tiles/ground_ref/stone_12.png","4db10f0e71c920790c060b25b4cb7cc5fcc74115565cf0fa3ec2daebdf0f49b1","png",";lib/network/packets/server/s_map_tiles.dart;lib/game/map/iso_map_component.dart;lib/game/map/scene_asset_loader.dart","conditional runtime / map packet","world; editor (root tiles only)","S_MAP_TILES tileDir + tiles[id]; fallback ground atlas","assets/tiles/ground_ref/stone_12.png","assets/tiles/ground_ref/stone_12.png","opaque diamond interior; transparent outer corners","no alpha defect identified by pixel scan; intended transparency preserved","P1","all pixels decoded; Flutter bundle decode passed; contact sheet inspection for assets; no live-world claim","48","24","graded","0.3020833333333333","0.375","0.3229166666666667","0.5373134328358209","0","255","133.09027777777777","0,0,48,24","8","6"
"assets/tiles/ground_ref/stone_13.png","9006a8eff2dab7dcb9450041f2db3d320d438e7017730ea9a5c4ea521ae3a500","png",";lib/network/packets/server/s_map_tiles.dart;lib/game/map/iso_map_component.dart;lib/game/map/scene_asset_loader.dart","conditional runtime / map packet","world; editor (root tiles only)","S_MAP_TILES tileDir + tiles[id]; fallback ground atlas","assets/tiles/ground_ref/stone_13.png","assets/tiles/ground_ref/stone_13.png","opaque diamond interior; transparent outer corners","no alpha defect identified by pixel scan; intended transparency preserved","P1","all pixels decoded; Flutter bundle decode passed; contact sheet inspection for assets; no live-world claim","48","24","graded","0.3020833333333333","0.375","0.3229166666666667","0.5373134328358209","0","255","133.09027777777777","0,0,48,24","8","6"
"assets/tiles/ground_ref/stone_14.png","1c438483e1b478830aa8cac68322c6170fea2e021730d1de6522148a49969c6f","png",";lib/network/packets/server/s_map_tiles.dart;lib/game/map/iso_map_component.dart;lib/game/map/scene_asset_loader.dart","conditional runtime / map packet","world; editor (root tiles only)","S_MAP_TILES tileDir + tiles[id]; fallback ground atlas","assets/tiles/ground_ref/stone_14.png","assets/tiles/ground_ref/stone_14.png","opaque diamond interior; transparent outer corners","no alpha defect identified by pixel scan; intended transparency preserved","P1","all pixels decoded; Flutter bundle decode passed; contact sheet inspection for assets; no live-world claim","48","24","graded","0.3020833333333333","0.375","0.3229166666666667","0.5373134328358209","0","255","133.09027777777777","0,0,48,24","8","6"
"assets/tiles/ground_ref/stone_15.png","8dfacb0d706d4aaf12535d6d2a6c1b5ebe4bc6782901859cb6fc73b0b73a6b69","png",";lib/network/packets/server/s_map_tiles.dart;lib/game/map/iso_map_component.dart;lib/game/map/scene_asset_loader.dart","conditional runtime / map packet","world; editor (root tiles only)","S_MAP_TILES tileDir + tiles[id]; fallback ground atlas","assets/tiles/ground_ref/stone_15.png","assets/tiles/ground_ref/stone_15.png","opaque diamond interior; transparent outer corners","no alpha defect identified by pixel scan; intended transparency preserved","P1","all pixels decoded; Flutter bundle decode passed; contact sheet inspection for assets; no live-world claim","48","24","graded","0.3020833333333333","0.375","0.3229166666666667","0.5373134328358209","0","255","133.09027777777777","0,0,48,24","8","6"
"assets/tiles/ground_ref/stone_16.png","fe2ef1cbdbd4e941391a6995cab62110735e347fab0e2fb7044cabe92a9ac336","png",";lib/network/packets/server/s_map_tiles.dart;lib/game/map/iso_map_component.dart;lib/game/map/scene_asset_loader.dart","conditional runtime / map packet","world; editor (root tiles only)","S_MAP_TILES tileDir + tiles[id]; fallback ground atlas","assets/tiles/ground_ref/stone_16.png","assets/tiles/ground_ref/stone_16.png","opaque diamond interior; transparent outer corners","no alpha defect identified by pixel scan; intended transparency preserved","P1","all pixels decoded; Flutter bundle decode passed; contact sheet inspection for assets; no live-world claim","48","24","graded","0.3020833333333333","0.375","0.3229166666666667","0.5373134328358209","0","255","133.09027777777777","0,0,48,24","8","6"
"assets/tiles/ground_ref/stone_17.png","9528cb928e8625b929a8b8e3e0c70e6394f9493cc5013c89399b440500ceac57","png",";lib/network/packets/server/s_map_tiles.dart;lib/game/map/iso_map_component.dart;lib/game/map/scene_asset_loader.dart","conditional runtime / map packet","world; editor (root tiles only)","S_MAP_TILES tileDir + tiles[id]; fallback ground atlas","assets/tiles/ground_ref/stone_17.png","assets/tiles/ground_ref/stone_17.png","opaque diamond interior; transparent outer corners","no alpha defect identified by pixel scan; intended transparency preserved","P1","all pixels decoded; Flutter bundle decode passed; contact sheet inspection for assets; no live-world claim","48","24","graded","0.3020833333333333","0.375","0.3229166666666667","0.5373134328358209","0","255","133.09027777777777","0,0,48,24","8","6"
"assets/tiles/ground_ref/stone_18.png","22278d0bccc4921d19927e6d98b8a75a35626dbf25c7f2cc6957cf087d4879eb","png",";lib/network/packets/server/s_map_tiles.dart;lib/game/map/iso_map_component.dart;lib/game/map/scene_asset_loader.dart","conditional runtime / map packet","world; editor (root tiles only)","S_MAP_TILES tileDir + tiles[id]; fallback ground atlas","assets/tiles/ground_ref/stone_18.png","assets/tiles/ground_ref/stone_18.png","opaque diamond interior; transparent outer corners","no alpha defect identified by pixel scan; intended transparency preserved","P1","all pixels decoded; Flutter bundle decode passed; contact sheet inspection for assets; no live-world claim","48","24","graded","0.3020833333333333","0.375","0.3229166666666667","0.5373134328358209","0","255","133.09027777777777","0,0,48,24","8","6"
"assets/tiles/ground_ref/stone_19.png","6b7a2726e94545de848fdd1d93db7f42abc2306c7aec1c4863512b0faf1d61e3","png",";lib/network/packets/server/s_map_tiles.dart;lib/game/map/iso_map_component.dart;lib/game/map/scene_asset_loader.dart","conditional runtime / map packet","world; editor (root tiles only)","S_MAP_TILES tileDir + tiles[id]; fallback ground atlas","assets/tiles/ground_ref/stone_19.png","assets/tiles/ground_ref/stone_19.png","opaque diamond interior; transparent outer corners","no alpha defect identified by pixel scan; intended transparency preserved","P1","all pixels decoded; Flutter bundle decode passed; contact sheet inspection for assets; no live-world claim","48","24","graded","0.3020833333333333","0.375","0.3229166666666667","0.5373134328358209","0","255","133.09027777777777","0,0,48,24","8","6"
"assets/tiles/ground_ref/stone_20.png","c97cf870f366d72ad71fbbff909055336623319703d9fba6b762b64fc3d4a3c0","png",";lib/network/packets/server/s_map_tiles.dart;lib/game/map/iso_map_component.dart;lib/game/map/scene_asset_loader.dart","conditional runtime / map packet","world; editor (root tiles only)","S_MAP_TILES tileDir + tiles[id]; fallback ground atlas","assets/tiles/ground_ref/stone_20.png","assets/tiles/ground_ref/stone_20.png","opaque diamond interior; transparent outer corners","no alpha defect identified by pixel scan; intended transparency preserved","P1","all pixels decoded; Flutter bundle decode passed; contact sheet inspection for assets; no live-world claim","48","24","graded","0.3020833333333333","0.375","0.3229166666666667","0.5373134328358209","0","255","133.09027777777777","0,0,48,24","8","6"
"assets/tiles/ground_ref/stone_21.png","0c80285723ef6795cefb70bf69780dec9f14e8b8eedc49b7d8f47225451e9fc7","png",";lib/network/packets/server/s_map_tiles.dart;lib/game/map/iso_map_component.dart;lib/game/map/scene_asset_loader.dart","conditional runtime / map packet","world; editor (root tiles only)","S_MAP_TILES tileDir + tiles[id]; fallback ground atlas","assets/tiles/ground_ref/stone_21.png","assets/tiles/ground_ref/stone_21.png","opaque diamond interior; transparent outer corners","no alpha defect identified by pixel scan; intended transparency preserved","P1","all pixels decoded; Flutter bundle decode passed; contact sheet inspection for assets; no live-world claim","48","24","graded","0.3020833333333333","0.375","0.3229166666666667","0.5373134328358209","0","255","133.09027777777777","0,0,48,24","8","6"
"assets/tiles/ground_ref/stone_22.png","8c990f7b708d814e86769467fc71059df83a7d860e8e36c06bf154cadd861a5c","png",";lib/network/packets/server/s_map_tiles.dart;lib/game/map/iso_map_component.dart;lib/game/map/scene_asset_loader.dart","conditional runtime / map packet","world; editor (root tiles only)","S_MAP_TILES tileDir + tiles[id]; fallback ground atlas","assets/tiles/ground_ref/stone_22.png","assets/tiles/ground_ref/stone_22.png","opaque diamond interior; transparent outer corners","no alpha defect identified by pixel scan; intended transparency preserved","P1","all pixels decoded; Flutter bundle decode passed; contact sheet inspection for assets; no live-world claim","48","24","graded","0.3020833333333333","0.375","0.3229166666666667","0.5373134328358209","0","255","133.09027777777777","0,0,48,24","8","6"
"assets/tiles/ground_ref/stone_23.png","a737ace021f72209fb767a1c64b8796ff6f42222bee0d40f3d1e9c3dac9085ed","png",";lib/network/packets/server/s_map_tiles.dart;lib/game/map/iso_map_component.dart;lib/game/map/scene_asset_loader.dart","conditional runtime / map packet","world; editor (root tiles only)","S_MAP_TILES tileDir + tiles[id]; fallback ground atlas","assets/tiles/ground_ref/stone_23.png","assets/tiles/ground_ref/stone_23.png","opaque diamond interior; transparent outer corners","no alpha defect identified by pixel scan; intended transparency preserved","P1","all pixels decoded; Flutter bundle decode passed; contact sheet inspection for assets; no live-world claim","48","24","graded","0.3020833333333333","0.375","0.3229166666666667","0.5373134328358209","0","255","133.09027777777777","0,0,48,24","8","6"
"assets/tiles/ground_ref/stone_24.png","1973bb2dd3455c110be19ee8b6c199e89d1dbf202efb520af6b57c97022cc5f7","png",";lib/network/packets/server/s_map_tiles.dart;lib/game/map/iso_map_component.dart;lib/game/map/scene_asset_loader.dart","conditional runtime / map packet","world; editor (root tiles only)","S_MAP_TILES tileDir + tiles[id]; fallback ground atlas","assets/tiles/ground_ref/stone_24.png","assets/tiles/ground_ref/stone_24.png","opaque diamond interior; transparent outer corners","no alpha defect identified by pixel scan; intended transparency preserved","P1","all pixels decoded; Flutter bundle decode passed; contact sheet inspection for assets; no live-world claim","48","24","graded","0.3020833333333333","0.375","0.3229166666666667","0.5373134328358209","0","255","133.09027777777777","0,0,48,24","8","6"
"assets/tiles/ground_ref/stone_25.png","039d4defb4a820403427c13f42768a6083fd4ffd68cbc538b68b6c4945dafcb4","png",";lib/network/packets/server/s_map_tiles.dart;lib/game/map/iso_map_component.dart;lib/game/map/scene_asset_loader.dart","conditional runtime / map packet","world; editor (root tiles only)","S_MAP_TILES tileDir + tiles[id]; fallback ground atlas","assets/tiles/ground_ref/stone_25.png","assets/tiles/ground_ref/stone_25.png","opaque diamond interior; transparent outer corners","no alpha defect identified by pixel scan; intended transparency preserved","P1","all pixels decoded; Flutter bundle decode passed; contact sheet inspection for assets; no live-world claim","48","24","graded","0.3020833333333333","0.375","0.3229166666666667","0.5373134328358209","0","255","133.09027777777777","0,0,48,24","8","6"
"assets/tiles/ground_ref/stone_26.png","0d0c8a975ffb1d44055d1407017c1db2a6c3b3483e209483ad937893068349ec","png",";lib/network/packets/server/s_map_tiles.dart;lib/game/map/iso_map_component.dart;lib/game/map/scene_asset_loader.dart","conditional runtime / map packet","world; editor (root tiles only)","S_MAP_TILES tileDir + tiles[id]; fallback ground atlas","assets/tiles/ground_ref/stone_26.png","assets/tiles/ground_ref/stone_26.png","opaque diamond interior; transparent outer corners","no alpha defect identified by pixel scan; intended transparency preserved","P1","all pixels decoded; Flutter bundle decode passed; contact sheet inspection for assets; no live-world claim","48","24","graded","0.3020833333333333","0.375","0.3229166666666667","0.5373134328358209","0","255","133.09027777777777","0,0,48,24","8","6"
"assets/tiles/ground_ref/stone_27.png","e1d3db3ff7aceed6861baba9c2a62101c69fc4829d8b915f553d06b8555a8716","png",";lib/network/packets/server/s_map_tiles.dart;lib/game/map/iso_map_component.dart;lib/game/map/scene_asset_loader.dart","conditional runtime / map packet","world; editor (root tiles only)","S_MAP_TILES tileDir + tiles[id]; fallback ground atlas","assets/tiles/ground_ref/stone_27.png","assets/tiles/ground_ref/stone_27.png","opaque diamond interior; transparent outer corners","no alpha defect identified by pixel scan; intended transparency preserved","P1","all pixels decoded; Flutter bundle decode passed; contact sheet inspection for assets; no live-world claim","48","24","graded","0.3020833333333333","0.375","0.3229166666666667","0.5373134328358209","0","255","133.09027777777777","0,0,48,24","8","6"
"assets/tiles/ground_ref/stone_28.png","cee9936cf4ea94b30b48d32053ee16ee9f0ea21c76e2070d7c872aae48bd33c7","png",";lib/network/packets/server/s_map_tiles.dart;lib/game/map/iso_map_component.dart;lib/game/map/scene_asset_loader.dart","conditional runtime / map packet","world; editor (root tiles only)","S_MAP_TILES tileDir + tiles[id]; fallback ground atlas","assets/tiles/ground_ref/stone_28.png","assets/tiles/ground_ref/stone_28.png","opaque diamond interior; transparent outer corners","no alpha defect identified by pixel scan; intended transparency preserved","P1","all pixels decoded; Flutter bundle decode passed; contact sheet inspection for assets; no live-world claim","48","24","graded","0.3020833333333333","0.375","0.3229166666666667","0.5373134328358209","0","255","133.09027777777777","0,0,48,24","8","6"
"assets/tiles/ground_ref/stone_29.png","2588867813820c3d35a8c7e870882ab9f975376413cdc2388aa7efcb453baaf6","png",";lib/network/packets/server/s_map_tiles.dart;lib/game/map/iso_map_component.dart;lib/game/map/scene_asset_loader.dart","conditional runtime / map packet","world; editor (root tiles only)","S_MAP_TILES tileDir + tiles[id]; fallback ground atlas","assets/tiles/ground_ref/stone_29.png","assets/tiles/ground_ref/stone_29.png","opaque diamond interior; transparent outer corners","no alpha defect identified by pixel scan; intended transparency preserved","P1","all pixels decoded; Flutter bundle decode passed; contact sheet inspection for assets; no live-world claim","48","24","graded","0.3020833333333333","0.375","0.3229166666666667","0.5373134328358209","0","255","133.09027777777777","0,0,48,24","8","6"
"assets/tiles/ground_ref/stone_30.png","a22ad4e4f68519773d597d6d96826be1efc0524deedcc654ad566a89833d9ab6","png",";lib/network/packets/server/s_map_tiles.dart;lib/game/map/iso_map_component.dart;lib/game/map/scene_asset_loader.dart","conditional runtime / map packet","world; editor (root tiles only)","S_MAP_TILES tileDir + tiles[id]; fallback ground atlas","assets/tiles/ground_ref/stone_30.png","assets/tiles/ground_ref/stone_30.png","opaque diamond interior; transparent outer corners","no alpha defect identified by pixel scan; intended transparency preserved","P1","all pixels decoded; Flutter bundle decode passed; contact sheet inspection for assets; no live-world claim","48","24","graded","0.3020833333333333","0.375","0.3229166666666667","0.5373134328358209","0","255","133.09027777777777","0,0,48,24","8","6"
"assets/tiles/ground_ref/stone_31.png","32848a7b0511dd9b222722fc27eb445f27116fd7e27a8536678640d580995dd2","png",";lib/network/packets/server/s_map_tiles.dart;lib/game/map/iso_map_component.dart;lib/game/map/scene_asset_loader.dart","conditional runtime / map packet","world; editor (root tiles only)","S_MAP_TILES tileDir + tiles[id]; fallback ground atlas","assets/tiles/ground_ref/stone_31.png","assets/tiles/ground_ref/stone_31.png","opaque diamond interior; transparent outer corners","no alpha defect identified by pixel scan; intended transparency preserved","P1","all pixels decoded; Flutter bundle decode passed; contact sheet inspection for assets; no live-world claim","48","24","graded","0.3020833333333333","0.375","0.3229166666666667","0.5373134328358209","0","255","133.09027777777777","0,0,48,24","8","6"
"assets/tiles/ground_ref/stone_32.png","0bee58d3295439e9cfc2df314bf8772d839896af0de96cb5b87667acf3e69265","png",";lib/network/packets/server/s_map_tiles.dart;lib/game/map/iso_map_component.dart;lib/game/map/scene_asset_loader.dart","conditional runtime / map packet","world; editor (root tiles only)","S_MAP_TILES tileDir + tiles[id]; fallback ground atlas","assets/tiles/ground_ref/stone_32.png","assets/tiles/ground_ref/stone_32.png","opaque diamond interior; transparent outer corners","no alpha defect identified by pixel scan; intended transparency preserved","P1","all pixels decoded; Flutter bundle decode passed; contact sheet inspection for assets; no live-world claim","48","24","graded","0.3020833333333333","0.375","0.3229166666666667","0.5373134328358209","0","255","133.09027777777777","0,0,48,24","8","6"
"assets/ui/char_create/add_btn.png","987edaa6b00b15c7b64bcc069dec92abe5438bc00681aa517075a58df9bafaa9","png","lib/ui/layout/char_create/char_create_ui_assets.dart","configured UI / preload / fallback","UI","normal; disabled/hover/pressed when configured","assets/ui/char_create/add_btn.png","assets/ui/char_create/add_btn.png","intentional edge/ink/cloud/glow transparency","no alpha defect identified by pixel scan; intended transparency preserved","P1","all pixels decoded; Flutter bundle decode passed; contact sheet inspection for assets; no live-world claim","40","40","graded","0.185625","0.039375","0.775","0.04834996162701458","0","255","203.601875","0,0,40,40","8","6"
"assets/ui/char_create/agility_icon.png","0f85addfb2dba7591479696e50d1e08208e11392a00dbc03f8dad8687cde7e50","png","lib/ui/layout/char_create/char_create_ui_assets.dart","configured UI / preload / fallback","UI","normal; disabled/hover/pressed when configured","assets/ui/char_create/agility_icon.png","assets/ui/char_create/agility_icon.png","intentional edge/ink/cloud/glow transparency","no alpha defect identified by pixel scan; intended transparency preserved","P1","all pixels decoded; Flutter bundle decode passed; contact sheet inspection for assets; no live-world claim","100","100","graded","0.7685","0.2124","0.0191","0.9174946004319654","0","255","27.9999","0,0,100,95","8","6"
"assets/ui/char_create/attr_earth.png","b6e1fc83e72fc743d4f4a70ee7508c2183c4af621dfc62ed0076d0a9c6b0ce13","png","lib/ui/layout/char_create/char_create_ui_assets.dart","configured UI / preload / fallback","UI","normal; disabled/hover/pressed when configured","assets/ui/char_create/attr_earth.png","assets/ui/char_create/attr_earth.png","intentional edge/ink/cloud/glow transparency","no alpha defect identified by pixel scan; intended transparency preserved","P1","all pixels decoded; Flutter bundle decode passed; contact sheet inspection for assets; no live-world claim","57","57","graded","0.28870421668205604","0.1871345029239766","0.5241612803939674","0.2630895716140199","0","255","168.6583564173592","1,2,54,53","8","6"
"assets/ui/char_create/attr_fire.png","870c0d222c84e69709410f74add2963814f5b521cb69905288c027ad6da8211a","png","lib/ui/layout/char_create/char_create_ui_assets.dart","configured UI / preload / fallback","UI","normal; disabled/hover/pressed when configured","assets/ui/char_create/attr_fire.png","assets/ui/char_create/attr_fire.png","intentional edge/ink/cloud/glow transparency","no alpha defect identified by pixel scan; intended transparency preserved","P1","all pixels decoded; Flutter bundle decode passed; contact sheet inspection for assets; no live-world claim","57","57","graded","0.29978454909202834","0.3056325023084026","0.3945829485995691","0.43648351648351646","0","255","169.71314250538626","1,0,54,57","8","6"
"assets/ui/char_create/attr_illusion.png","ac0090be5a8f4f82f92e51d059be57b74c806fae5fb0c6b9628b66ef87bba4cf","png","lib/ui/layout/char_create/char_create_ui_assets.dart","configured UI / preload / fallback","UI","normal; disabled/hover/pressed when configured","assets/ui/char_create/attr_illusion.png","assets/ui/char_create/attr_illusion.png","intentional edge/ink/cloud/glow transparency","no alpha defect identified by pixel scan; intended transparency preserved","P1","all pixels decoded; Flutter bundle decode passed; contact sheet inspection for assets; no live-world claim","57","57","graded","0.2123730378578024","0.2616189596799015","0.5260080024622961","0.33216100039077767","0","255","189.17420744844569","0,0,57,57","8","6"
"assets/ui/char_create/attr_metal.png","e1eadf062a2a427bcd77785a4034c446ed8db99497818dfb2abdd3dc7c2a2efa","png","lib/ui/layout/char_create/char_create_ui_assets.dart","configured UI / preload / fallback","UI","normal; disabled/hover/pressed when configured","assets/ui/char_create/attr_metal.png","assets/ui/char_create/attr_metal.png","intentional edge/ink/cloud/glow transparency","no alpha defect identified by pixel scan; intended transparency preserved","P1","all pixels decoded; Flutter bundle decode passed; contact sheet inspection for assets; no live-world claim","57","57","graded","0.21360418590335487","0.5610957217605417","0.22530009233610343","0.7135029354207436","0","255","182.38750384733765","0,1,56,56","8","6"
"assets/ui/char_create/attr_thunder.png","e55df0dc028f056c704a70370625603fc12978d1f65d2a12c4b8f85c1a3ad9a6","png","lib/ui/layout/char_create/char_create_ui_assets.dart","configured UI / preload / fallback","UI","normal; disabled/hover/pressed when configured","assets/ui/char_create/attr_thunder.png","assets/ui/char_create/attr_thunder.png","intentional edge/ink/cloud/glow transparency","no alpha defect identified by pixel scan; intended transparency preserved","P1","all pixels decoded; Flutter bundle decode passed; contact sheet inspection for assets; no live-world claim","57","57","graded","0.32533087103724223","0.5690981840566328","0.10557094490612497","0.843521897810219","0","255","141.6454293628809","2,2,53,54","8","6"
"assets/ui/char_create/attr_water.png","d18031941b0d67e58359dea92a51b3d6772089434e9fcb7cbb9934a6ddab594d","png","lib/ui/layout/char_create/char_create_ui_assets.dart","configured UI / preload / fallback","UI","normal; disabled/hover/pressed when configured","assets/ui/char_create/attr_water.png","assets/ui/char_create/attr_water.png","intentional edge/ink/cloud/glow transparency","no alpha defect identified by pixel scan; intended transparency preserved","P1","all pixels decoded; Flutter bundle decode passed; contact sheet inspection for assets; no live-world claim","57","57","graded","0.3047091412742382","0.6358879655278548","0.05940289319790705","0.914563966356795","0","255","144.2742382271468","1,1,55,55","8","6"
"assets/ui/char_create/attr_wind.png","4ec3d667cdc6f95a1a228d1dc8bc6f8b6c5516150a1defcc52cfe5b2954123c1","png","lib/ui/layout/char_create/char_create_ui_assets.dart","configured UI / preload / fallback","UI","normal; disabled/hover/pressed when configured","assets/ui/char_create/attr_wind.png","assets/ui/char_create/attr_wind.png","intentional edge/ink/cloud/glow transparency","no alpha defect identified by pixel scan; intended transparency preserved","P1","all pixels decoded; Flutter bundle decode passed; contact sheet inspection for assets; no live-world claim","57","57","graded","0.3025546321945214","0.4096645121575869","0.28778085564789163","0.587378640776699","0","255","159.71991381963682","1,3,54,52","8","6"
"assets/ui/char_create/attr_wood.png","980543cef18528c919963be87c4ba57e445b96a810afcc17e2a1f40bbb1fc58c","png","lib/ui/layout/char_create/char_create_ui_assets.dart","configured UI / preload / fallback","UI","normal; disabled/hover/pressed when configured","assets/ui/char_create/attr_wood.png","assets/ui/char_create/attr_wood.png","intentional edge/ink/cloud/glow transparency","no alpha defect identified by pixel scan; intended transparency preserved","P1","all pixels decoded; Flutter bundle decode passed; contact sheet inspection for assets; no live-world claim","57","57","graded","0.2662357648507233","0.5583256386580486","0.17543859649122806","0.7609060402684564","0","255","152.4712219144352","0,2,56,54","8","6"
"assets/ui/char_create/back_icon.png","0a0975c022960124445fd48c200b296b7809e72341bce5565d8c50d2fa949b6e","png","lib/ui/layout/char_create/char_create_ui_assets.dart","configured UI / preload / fallback","UI","normal; disabled/hover/pressed when configured","assets/ui/char_create/back_icon.png","assets/ui/char_create/back_icon.png","intentional edge/ink/cloud/glow transparency","no alpha defect identified by pixel scan; intended transparency preserved","P1","all pixels decoded; Flutter bundle decode passed; contact sheet inspection for assets; no live-world claim","60","60","graded","0.6683333333333333","0.1713888888888889","0.16027777777777777","0.516750418760469","0","255","74.37472222222222","0,0,60,60","8","6"
"assets/ui/char_create/back_icon_hover.png","0a0975c022960124445fd48c200b296b7809e72341bce5565d8c50d2fa949b6e","png","lib/ui/layout/char_create/char_create_ui_assets.dart","configured UI / preload / fallback","UI","normal; disabled/hover/pressed when configured","assets/ui/char_create/back_icon_hover.png","assets/ui/char_create/back_icon_hover.png","intentional edge/ink/cloud/glow transparency","no alpha defect identified by pixel scan; intended transparency preserved","P1","all pixels decoded; Flutter bundle decode passed; contact sheet inspection for assets; no live-world claim","60","60","graded","0.6683333333333333","0.1713888888888889","0.16027777777777777","0.516750418760469","0","255","74.37472222222222","0,0,60,60","8","6"
"assets/ui/char_create/back_icon_pressed.png","0a0975c022960124445fd48c200b296b7809e72341bce5565d8c50d2fa949b6e","png","lib/ui/layout/char_create/char_create_ui_assets.dart","configured UI / preload / fallback","UI","normal; disabled/hover/pressed when configured","assets/ui/char_create/back_icon_pressed.png","assets/ui/char_create/back_icon_pressed.png","intentional edge/ink/cloud/glow transparency","no alpha defect identified by pixel scan; intended transparency preserved","P1","all pixels decoded; Flutter bundle decode passed; contact sheet inspection for assets; no live-world claim","60","60","graded","0.6683333333333333","0.1713888888888889","0.16027777777777777","0.516750418760469","0","255","74.37472222222222","0,0,60,60","8","6"
"assets/ui/char_create/btn01.png","9442bf5083a98fda3cfcc2178b8f0c8ff7456015259b23213b6e4a9e710beca5","png","lib/ui/layout/char_create/char_create_ui_assets.dart","configured UI / preload / fallback","UI","normal; disabled/hover/pressed when configured","assets/ui/char_create/btn01.png","assets/ui/char_create/btn01.png","intentional edge/ink/cloud/glow transparency","no alpha defect identified by pixel scan; intended transparency preserved","P1","all pixels decoded; Flutter bundle decode passed; contact sheet inspection for assets; no live-world claim","640","180","graded","0.11730034722222223","0.864140625","0.01855902777777778","0.9789746968639059","0","255","220.0104861111111","0,0,640,180","8","6"
"assets/ui/char_create/btn01_selected.png","fbdbbb4d9e36490829833df2f6f301375a14b8650c11ea3b4f86add98862659a","png","","no current static consumer found; retained legacy","UI","normal; disabled/hover/pressed when configured","assets/ui/char_create/btn01_selected.png","assets/ui/char_create/btn01_selected.png","intentional edge/ink/cloud/glow transparency","no alpha defect identified by pixel scan; intended transparency preserved","P1","all pixels decoded; Flutter bundle decode passed; contact sheet inspection for assets; no live-world claim","640","180","graded","0.10565104166666667","0.38925347222222223","0.5050954861111111","0.4352366809344942","0","255","222.6205121527778","0,0,640,180","8","6"
"assets/ui/char_create/char_bg.png","68751985731fbaf5f16a1810afb51df2ead3a38902ba9dd6b06fc04c566d70ec","png","tools/assets/publish_portraits.cjs","publishing source","UI","normal; disabled/hover/pressed when configured","assets/ui/char_create/char_bg.png","assets/ui/char_create/char_bg.png","opaque backdrop or panel","no alpha defect identified by pixel scan; intended transparency preserved","P1","all pixels decoded; Flutter bundle decode passed; contact sheet inspection for assets; no live-world claim","1920","1080","opaque","0.0","0.0","1.0","0.0","255","255","255.0","0,0,1920,1080","8","2"
"assets/ui/char_create/char_bg_68751985.png","68751985731fbaf5f16a1810afb51df2ead3a38902ba9dd6b06fc04c566d70ec","png","lib/ui/layout/char_create/char_create_ui_assets.dart","configured UI / preload / fallback","UI","normal; disabled/hover/pressed when configured","assets/ui/char_create/char_bg.png","assets/ui/char_create/char_bg_68751985.png","opaque backdrop or panel","no alpha defect identified by pixel scan; intended transparency preserved","P1","all pixels decoded; Flutter bundle decode passed; contact sheet inspection for assets; no live-world claim","1920","1080","opaque","0.0","0.0","1.0","0.0","255","255","255.0","0,0,1920,1080","8","2"
"assets/ui/char_create/char_female.png","c96d2a751bcc491c8dacf5dcf5010935191ddf3b626ed10cdb34b1311cfb2271","png","tools/assets/publish_portraits.cjs","publishing source","character create; character select; transition consumers","normal; disabled/hover/pressed when configured","assets/ui/char_create/char_female.png","assets/ui/char_create/char_female.png","opaque solid body; transparent silhouette","source alpha repaired; see repair_summary.json and mask tests","P0","all pixels decoded; Flutter bundle decode passed; contact sheet inspection for assets; no live-world claim","768","1024","graded","0.7247428894042969","0.019639333089192707","0.25561777750651044","0.07134904906430885","0","255","67.74136225382487","156,68,470,883","8","6"
"assets/ui/char_create/char_female_9387b9c6.png","9387b9c6a641406671af079cb53b0693ebe55ca4beff75612bc2899c8b245e24","png","","superseded published copy; no active constant","character create; character select; transition consumers","normal; disabled/hover/pressed when configured","assets/ui/char_create/char_female.png","assets/ui/char_create/char_female_9387b9c6.png","opaque solid body; transparent silhouette","original alpha defect; retained history, not selected by current code","P0","all pixels decoded; Flutter bundle decode passed; contact sheet inspection for assets; no live-world claim","768","1024","graded","0.7273852030436198","0.020832061767578125","0.25178273518880206","0.07641574118557976","0","255","66.87276967366536","156,68,470,883","8","6"
"assets/ui/char_create/char_female_c96d2a75.png","c96d2a751bcc491c8dacf5dcf5010935191ddf3b626ed10cdb34b1311cfb2271","png","lib/ui/layout/char_create/char_create_ui_assets.dart","configured UI / preload / fallback","character create; character select; transition consumers","normal; disabled/hover/pressed when configured","assets/ui/char_create/char_female.png","assets/ui/char_create/char_female_c96d2a75.png","opaque solid body; transparent silhouette","source alpha repaired; see repair_summary.json and mask tests","P0","all pixels decoded; Flutter bundle decode passed; contact sheet inspection for assets; no live-world claim","768","1024","graded","0.7247428894042969","0.019639333089192707","0.25561777750651044","0.07134904906430885","0","255","67.74136225382487","156,68,470,883","8","6"
"assets/ui/char_create/char_male.png","67e084f8665335c8f711c9fa3fccaef377794f57c5d74d9f382d7a6e5da6683e","png","tools/assets/publish_portraits.cjs","publishing source","character create; character select; transition consumers","normal; disabled/hover/pressed when configured","assets/ui/char_create/char_male.png","assets/ui/char_create/char_male.png","opaque solid body; transparent silhouette","source alpha repaired; see repair_summary.json and mask tests","P0","all pixels decoded; Flutter bundle decode passed; contact sheet inspection for assets; no live-world claim","768","1024","graded","0.5670509338378906","0.08351516723632812","0.34943389892578125","0.19289836556676507","0","255","100.19603856404622","77,6,607,1018","8","6"
"assets/ui/char_create/char_male_67e084f8.png","67e084f8665335c8f711c9fa3fccaef377794f57c5d74d9f382d7a6e5da6683e","png","lib/ui/layout/char_create/char_create_ui_assets.dart","configured UI / preload / fallback","character create; character select; transition consumers","normal; disabled/hover/pressed when configured","assets/ui/char_create/char_male.png","assets/ui/char_create/char_male_67e084f8.png","opaque solid body; transparent silhouette","source alpha repaired; see repair_summary.json and mask tests","P0","all pixels decoded; Flutter bundle decode passed; contact sheet inspection for assets; no live-world claim","768","1024","graded","0.5670509338378906","0.08351516723632812","0.34943389892578125","0.19289836556676507","0","255","100.19603856404622","77,6,607,1018","8","6"
"assets/ui/char_create/char_male_dea83ef9.png","dea83ef9452ca63cc7b6fcf3605b4b5c4a3154fe0caff5c46a4cc0378c6fa93f","png","","superseded published copy; no active constant","character create; character select; transition consumers","normal; disabled/hover/pressed when configured","assets/ui/char_create/char_male.png","assets/ui/char_create/char_male_dea83ef9.png","opaque solid body; transparent silhouette","original alpha defect; retained history, not selected by current code","P0","all pixels decoded; Flutter bundle decode passed; contact sheet inspection for assets; no live-world claim","768","1024","graded","0.5670509338378906","0.4320411682128906","0.00090789794921875","0.9979029913212035","0","255","99.20960744222005","77,6,607,1018","8","6"
"assets/ui/char_create/cloud_label01.png","6caf16f2fc1287da884c2d2cee825fedfef0a34b9fd8a9dda199122c12b6520b","png","lib/ui/layout/char_create/char_create_ui_assets.dart","configured UI / preload / fallback","UI","normal; disabled/hover/pressed when configured","assets/ui/char_create/cloud_label01.png","assets/ui/char_create/cloud_label01.png","intentional edge/ink/cloud/glow transparency","no alpha defect identified by pixel scan; intended transparency preserved","P1","all pixels decoded; Flutter bundle decode passed; contact sheet inspection for assets; no live-world claim","600","240","graded","0.5654166666666667","0.39819444444444446","0.03638888888888889","0.9162671780121444","0","255","107.45872916666667","18,6,567,225","8","3"
"assets/ui/char_create/cloud_label02.png","f587bf68d1002096b0f151b687fc78203beff75537bbf201c6ca3388ce882eb0","png","lib/ui/layout/char_create/char_create_ui_assets.dart","configured UI / preload / fallback","UI","normal; disabled/hover/pressed when configured","assets/ui/char_create/cloud_label02.png","assets/ui/char_create/cloud_label02.png","intentional edge/ink/cloud/glow transparency","no alpha defect identified by pixel scan; intended transparency preserved","P1","all pixels decoded; Flutter bundle decode passed; contact sheet inspection for assets; no live-world claim","600","240","graded","0.5690486111111112","0.39190277777777777","0.03904861111111111","0.9093897545804663","0","255","107.17831944444444","16,6,565,225","8","3"
"assets/ui/char_create/cloud_label03.png","faf77c66be709544a1ccc53e48476dbc5d2cbff9ef7aad088dc228876290f0c9","png","lib/ui/layout/char_create/char_create_ui_assets.dart","preload only; no visible consumer","UI","normal; disabled/hover/pressed when configured","assets/ui/char_create/cloud_label03.png","assets/ui/char_create/cloud_label03.png","intentional edge/ink/cloud/glow transparency","possible baked checker/shadow patch; not used for current labels","P1","all pixels decoded; Flutter bundle decode passed; contact sheet inspection for assets; no live-world claim","547","278","opaque","0.0","0.0","1.0","0.0","255","255","255.0","0,0,547,278","8","6"
"assets/ui/char_create/cloud_label04.png","02b1dc2f6c8a54dfb2352255a4a61da8f022f981c1c2a1fe42207117ab340c98","png","lib/ui/layout/char_create/char_create_ui_assets.dart","configured UI / preload / fallback","UI","normal; disabled/hover/pressed when configured","assets/ui/char_create/cloud_label04.png","assets/ui/char_create/cloud_label04.png","intentional edge/ink/cloud/glow transparency","no alpha defect identified by pixel scan; intended transparency preserved","P1","all pixels decoded; Flutter bundle decode passed; contact sheet inspection for assets; no live-world claim","1448","736","graded","0.477309407278405","0.5226446147609897","0.000045977960605332695","0.9999120359898465","0","255","129.8752571012491","8,7,1437,702","8","3"
"assets/ui/char_create/cloud_label05.png","59b9b51ac95ab15c411daf3ccf96fa6dbcbe54f016e6993039f87269a96f8dcd","png","lib/ui/layout/char_create/char_create_ui_assets.dart","configured UI / preload / fallback","UI","normal; disabled/hover/pressed when configured","assets/ui/char_create/cloud_label05.png","assets/ui/char_create/cloud_label05.png","intentional edge/ink/cloud/glow transparency","no alpha defect identified by pixel scan; intended transparency preserved","P1","all pixels decoded; Flutter bundle decode passed; contact sheet inspection for assets; no live-world claim","1448","736","graded","0.499619978080711","0.4764001696492914","0.023979852269997597","0.9520767192542601","0","255","101.54808074855873","6,15,1426,717","8","6"
"assets/ui/char_create/constitution_icon.png","81af19b0147f1bb2e9c144a3213cf4cc9f8bd390d470e3662de0afe7982933fe","png","lib/ui/layout/char_create/char_create_ui_assets.dart","configured UI / preload / fallback","UI","normal; disabled/hover/pressed when configured","assets/ui/char_create/constitution_icon.png","assets/ui/char_create/constitution_icon.png","intentional edge/ink/cloud/glow transparency","no alpha defect identified by pixel scan; intended transparency preserved","P1","all pixels decoded; Flutter bundle decode passed; contact sheet inspection for assets; no live-world claim","100","100","graded","0.7925","0.1453","0.0622","0.7002409638554217","0","255","33.9379","0,0,100,100","8","6"
"assets/ui/char_create/ink_btn01.png","43bab619cd1399576d53a465cf4635dc54ca1e7806d95bb0f2b36cb3d428c557","png","lib/ui/layout/char_create/char_create_ui_assets.dart","configured UI / preload / fallback","UI","normal; disabled/hover/pressed when configured","assets/ui/char_create/ink_btn01.png","assets/ui/char_create/ink_btn01.png","intentional edge/ink/cloud/glow transparency","no alpha defect identified by pixel scan; intended transparency preserved","P1","all pixels decoded; Flutter bundle decode passed; contact sheet inspection for assets; no live-world claim","600","240","graded","0.6850069444444444","0.25509027777777776","0.05990277777777778","0.8098282590004189","0","255","76.06318055555556","3,26,597,172","8","3"
"assets/ui/char_create/ink_btn02.png","78ec8758edcbc2331137725c798370ba337fbb819b236bb851caf5ad7b159935","png","lib/ui/layout/char_create/char_create_ui_assets.dart","configured UI / preload / fallback","UI","normal; disabled/hover/pressed when configured","assets/ui/char_create/ink_btn02.png","assets/ui/char_create/ink_btn02.png","intentional edge/ink/cloud/glow transparency","no alpha defect identified by pixel scan; intended transparency preserved","P1","all pixels decoded; Flutter bundle decode passed; contact sheet inspection for assets; no live-world claim","600","240","graded","0.6851180555555556","0.2333263888888889","0.08155555555555556","0.7409964051783076","0","255","76.34677777777777","4,42,596,173","8","3"
"assets/ui/char_create/ink_btn03.png","4157089fd8cd2175fd761ce31b5b67619cd298b97036e742c91ad927a607181d","png","","no current static consumer found; retained legacy","UI","normal; disabled/hover/pressed when configured","assets/ui/char_create/ink_btn03.png","assets/ui/char_create/ink_btn03.png","intentional edge/ink/cloud/glow transparency","no alpha defect identified by pixel scan; intended transparency preserved","P1","all pixels decoded; Flutter bundle decode passed; contact sheet inspection for assets; no live-world claim","670","190","graded","0.5955930871956009","0.38395129615082485","0.020455616653574236","0.9494182319690759","0","255","90.75053417124902","6,4,658,168","8","3"
"assets/ui/char_create/ink_btn04.png","c82f20a70335527f8ce1c6e59cd0be77a2334019ec7c9debf7a890cd86c8341f","png","lib/ui/layout/char_create/char_create_ui_assets.dart","configured UI / preload / fallback","UI","normal; disabled/hover/pressed when configured","assets/ui/char_create/ink_btn04.png","assets/ui/char_create/ink_btn04.png","intentional edge/ink/cloud/glow transparency","no alpha defect identified by pixel scan; intended transparency preserved","P1","all pixels decoded; Flutter bundle decode passed; contact sheet inspection for assets; no live-world claim","1200","170","graded","0.4531421568627451","0.46579901960784315","0.08105882352941177","0.8517735010173989","0","255","128.34511274509805","6,7,1182,155","8","3"
"assets/ui/char_create/ink_label.png","43bab619cd1399576d53a465cf4635dc54ca1e7806d95bb0f2b36cb3d428c557","png","lib/ui/layout/char_create/char_create_ui_assets.dart","configured UI / preload / fallback","UI","normal; disabled/hover/pressed when configured","assets/ui/char_create/ink_label.png","assets/ui/char_create/ink_label.png","intentional edge/ink/cloud/glow transparency","no alpha defect identified by pixel scan; intended transparency preserved","P1","all pixels decoded; Flutter bundle decode passed; contact sheet inspection for assets; no live-world claim","600","240","graded","0.6850069444444444","0.25509027777777776","0.05990277777777778","0.8098282590004189","0","255","76.06318055555556","3,26,597,172","8","3"
"assets/ui/char_create/input_contact.png","ea59af4b8e53e74002a8661c50ee97490c6647a99f535b238123784b17eec4df","png","lib/ui/layout/char_create/char_create_ui_assets.dart","configured UI / preload / fallback","UI","normal; disabled/hover/pressed when configured","assets/ui/char_create/input_contact.png","assets/ui/char_create/input_contact.png","intentional edge/ink/cloud/glow transparency","no alpha defect identified by pixel scan; intended transparency preserved","P1","all pixels decoded; Flutter bundle decode passed; contact sheet inspection for assets; no live-world claim","372","62","graded","0.3295612209503989","0.06932882414151925","0.6011099549080818","0.10340813554937593","0","255","164.12439299340963","0,7,370,49","8","6"
"assets/ui/char_create/intel_icon.png","75b9f4350bacf765f6316f6bbb4639ef8b90473f7d9f25399c3b99fa77b3aa89","png","lib/ui/layout/char_create/char_create_ui_assets.dart","configured UI / preload / fallback","UI","normal; disabled/hover/pressed when configured","assets/ui/char_create/intel_icon.png","assets/ui/char_create/intel_icon.png","intentional edge/ink/cloud/glow transparency","no alpha defect identified by pixel scan; intended transparency preserved","P1","all pixels decoded; Flutter bundle decode passed; contact sheet inspection for assets; no live-world claim","100","100","graded","0.7082","0.1952","0.0966","0.6689513365318711","0","255","50.8319","0,0,100,100","8","6"
"assets/ui/char_create/option.png","54bb5ba8e7160ff692d484f983261789d6c10454a94583dc496e004f62234b25","png","lib/ui/layout/char_create/char_create_ui_assets.dart","configured UI / preload / fallback","UI","normal; disabled/hover/pressed when configured","assets/ui/char_create/option.png","assets/ui/char_create/option.png","intentional edge/ink/cloud/glow transparency","no alpha defect identified by pixel scan; intended transparency preserved","P1","all pixels decoded; Flutter bundle decode passed; contact sheet inspection for assets; no live-world claim","403","83","graded","0.34234207300666686","0.07880654130168316","0.57885138569165","0.11982907537048823","0","255","158.90232891865227","0,0,403,83","8","6"
"assets/ui/char_create/panel_left.png","c59fd32967f755a1620905d17ea0b08062200b3f0f454c7110d6ced8b9680717","png","","no current static consumer found; retained legacy","UI","normal; disabled/hover/pressed when configured","assets/ui/char_create/panel_left.png","assets/ui/char_create/panel_left.png","intentional edge/ink/cloud/glow transparency","no alpha defect identified by pixel scan; intended transparency preserved","P1","all pixels decoded; Flutter bundle decode passed; contact sheet inspection for assets; no live-world claim","1632","2176","graded","0.8971210554534313","0.0599924195321511","0.04288652501441753","0.5831360323199588","0","255","15.113760520292676","111,58,1487,2055","8","6"
"assets/ui/char_create/reduce_btn.png","5c37fa21599e704b3a3d705df95238e4ae9c5daac35f8b93a02686eb5d032c81","png","lib/ui/layout/char_create/char_create_ui_assets.dart","configured UI / preload / fallback","UI","normal; disabled/hover/pressed when configured","assets/ui/char_create/reduce_btn.png","assets/ui/char_create/reduce_btn.png","intentional edge/ink/cloud/glow transparency","no alpha defect identified by pixel scan; intended transparency preserved","P1","all pixels decoded; Flutter bundle decode passed; contact sheet inspection for assets; no live-world claim","40","40","graded","0.176875","0.04375","0.779375","0.05315110098709187","0","255","204.269375","0,0,40,40","8","6"
"assets/ui/char_create/spirit_icon.png","3ba532f7e59b5a02742177e7748152f2416e89f996b2afaf718992d9056c1529","png","lib/ui/layout/char_create/char_create_ui_assets.dart","configured UI / preload / fallback","UI","normal; disabled/hover/pressed when configured","assets/ui/char_create/spirit_icon.png","assets/ui/char_create/spirit_icon.png","intentional edge/ink/cloud/glow transparency","no alpha defect identified by pixel scan; intended transparency preserved","P1","all pixels decoded; Flutter bundle decode passed; contact sheet inspection for assets; no live-world claim","100","100","graded","0.7876","0.2124","0.0","1.0","0","181","11.5953","3,1,95,99","8","6"
"assets/ui/char_create/start_btn.png","585865f67b8ca4b4d98a362040f7fc0d8601b31b71bb7e78836457c2eb81a7e9","png","","no current static consumer found; retained legacy","UI","normal; disabled/hover/pressed when configured","assets/ui/char_create/start_btn.png","assets/ui/char_create/start_btn.png","intentional edge/ink/cloud/glow transparency","no alpha defect identified by pixel scan; intended transparency preserved","P1","all pixels decoded; Flutter bundle decode passed; contact sheet inspection for assets; no live-world claim","240","79","graded","0.2376054852320675","0.6273206751054853","0.13507383966244726","0.8228294707713594","0","255","186.03723628691984","1,0,237,75","8","3"
"assets/ui/char_create/start_btn_hover.png","aa7bf9b857b13b89b52bdb1029bbfa6e534d5eaaaea8d165dd6dceb2241464ea","png","","no current static consumer found; retained legacy","UI","normal; disabled/hover/pressed when configured","assets/ui/char_create/start_btn_hover.png","assets/ui/char_create/start_btn_hover.png","intentional edge/ink/cloud/glow transparency","no alpha defect identified by pixel scan; intended transparency preserved","P1","all pixels decoded; Flutter bundle decode passed; contact sheet inspection for assets; no live-world claim","240","80","graded","0.2403125","0.6591145833333333","0.10057291666666666","0.8676127793774853","0","255","185.40473958333334","2,0,238,77","8","3"
"assets/ui/char_create/start_btn_pressed.png","dcf4ed51553f73fbdb68915a9705763741c705148580b5552d4620e57ee52596","png","","no current static consumer found; retained legacy","UI","normal; disabled/hover/pressed when configured","assets/ui/char_create/start_btn_pressed.png","assets/ui/char_create/start_btn_pressed.png","intentional edge/ink/cloud/glow transparency","no alpha defect identified by pixel scan; intended transparency preserved","P1","all pixels decoded; Flutter bundle decode passed; contact sheet inspection for assets; no live-world claim","240","80","graded","0.1809375","0.7931770833333334","0.025885416666666668","0.9683962864046801","0","255","199.64067708333334","0,2,239,77","8","3"
"assets/ui/char_create/stats_points_label.png","cb40ddf51ddbdbf9df54433b22d2aff9cad32e9154e8983a173757d87c7c1011","png","","no current static consumer found; retained legacy","UI","normal; disabled/hover/pressed when configured","assets/ui/char_create/stats_points_label.png","assets/ui/char_create/stats_points_label.png","intentional edge/ink/cloud/glow transparency","no alpha defect identified by pixel scan; intended transparency preserved","P1","all pixels decoded; Flutter bundle decode passed; contact sheet inspection for assets; no live-world claim","271","89","graded","0.42742236411128154","0.07823707450557651","0.4943405613831419","0.13664011585807387","0","255","137.21000041461087","6,0,265,87","8","6"
"assets/ui/char_create/status_label.png","cb40ddf51ddbdbf9df54433b22d2aff9cad32e9154e8983a173757d87c7c1011","png","","no current static consumer found; retained legacy","UI","normal; disabled/hover/pressed when configured","assets/ui/char_create/status_label.png","assets/ui/char_create/status_label.png","intentional edge/ink/cloud/glow transparency","no alpha defect identified by pixel scan; intended transparency preserved","P1","all pixels decoded; Flutter bundle decode passed; contact sheet inspection for assets; no live-world claim","271","89","graded","0.42742236411128154","0.07823707450557651","0.4943405613831419","0.13664011585807387","0","255","137.21000041461087","6,0,265,87","8","6"
"assets/ui/char_create/tile_line.png","54bb5ba8e7160ff692d484f983261789d6c10454a94583dc496e004f62234b25","png","","no current static consumer found; retained legacy","UI","normal; disabled/hover/pressed when configured","assets/ui/char_create/tile_line.png","assets/ui/char_create/tile_line.png","intentional edge/ink/cloud/glow transparency","no alpha defect identified by pixel scan; intended transparency preserved","P1","all pixels decoded; Flutter bundle decode passed; contact sheet inspection for assets; no live-world claim","403","83","graded","0.34234207300666686","0.07880654130168316","0.57885138569165","0.11982907537048823","0","255","158.90232891865227","0,0,403,83","8","6"
"assets/ui/common/dialog_message_bg.png","2dd868bbeaeb46f293b3212e6a32768f9ac2efe3f1a2e31db2a34d00890d6663","png","lib/ui/theme/game_ui_assets.dart;lib/ui/widgets/shared/game_message_dialog.dart;assets/ui/xaml/assets.xaml","configured UI / preload / fallback","UI","normal; disabled/hover/pressed when configured","assets/ui/common/dialog_message_bg.png","assets/ui/common/dialog_message_bg.png","opaque backdrop or panel","no alpha defect identified by pixel scan; intended transparency preserved","P1","all pixels decoded; Flutter bundle decode passed; contact sheet inspection for assets; no live-world claim","150","90","graded","0.16244444444444445","0.18274074074074073","0.6548148148148148","0.21818342619616166","0","255","207.12274074074074","0,0,150,90","8","6"
"assets/ui/login_flow/icon_connection_lost.png","b1f0dbb76930ab453905c69304fd422bc7e5cde99d97e9af1bb0fa67fdae391f","png","assets/ui/xaml/assets.xaml","configured UI / preload / fallback","UI","normal; disabled/hover/pressed when configured","assets/ui/login_flow/icon_connection_lost.png","assets/ui/login_flow/icon_connection_lost.png","intentional edge/ink/cloud/glow transparency","no alpha defect identified by pixel scan; intended transparency preserved","P1","all pixels decoded; Flutter bundle decode passed; contact sheet inspection for assets; no live-world claim","256","256","graded","0.8892822265625","0.107025146484375","0.003692626953125","0.9666482910694597","0","255","16.025497436523438","24,62,204,126","8","6"
"assets/ui/login_flow/icon_login_failed.png","f62e4d247d92e4847c364b09e66e8eefba3af09bed30813440443730aac3177b","png","assets/ui/xaml/assets.xaml","configured UI / preload / fallback","UI","normal; disabled/hover/pressed when configured","assets/ui/login_flow/icon_login_failed.png","assets/ui/login_flow/icon_login_failed.png","intentional edge/ink/cloud/glow transparency","no alpha defect identified by pixel scan; intended transparency preserved","P1","all pixels decoded; Flutter bundle decode passed; contact sheet inspection for assets; no live-world claim","256","256","graded","0.85809326171875","0.1361846923828125","0.0057220458984375","0.9596774193548387","0","255","14.04644775390625","33,39,196,187","8","6"
"assets/ui/login_flow/loading_energy_tile.png","c2ceda58baa97d5429f274cd1999e629e1b3eea13734dea981f32999a280420a","png","assets/ui/xaml/assets.xaml","configured UI / preload / fallback","UI","normal; disabled/hover/pressed when configured","assets/ui/login_flow/loading_energy_tile.png","assets/ui/login_flow/loading_energy_tile.png","intentional edge/ink/cloud/glow transparency","no alpha defect identified by pixel scan; intended transparency preserved","P1","all pixels decoded; Flutter bundle decode passed; contact sheet inspection for assets; no live-world claim","1024","128","graded","0.00475311279296875","0.9952468872070312","0.0","1.0","0","251","118.59293365478516","0,0,1024,128","8","6"
"assets/ui/login_flow/login_flow_bg.png","a087539f483df1733bbcb06a86166d36a4a61be09d5a386a9622c2ad32c084ba","png","assets/ui/xaml/assets.xaml","configured UI / preload / fallback","UI","normal; disabled/hover/pressed when configured","assets/ui/login_flow/login_flow_bg.png","assets/ui/login_flow/login_flow_bg.png","opaque backdrop or panel","no alpha defect identified by pixel scan; intended transparency preserved","P1","all pixels decoded; Flutter bundle decode passed; contact sheet inspection for assets; no live-world claim","1672","941","opaque","0.0","0.0","1.0","0.0","255","255","255.0","0,0,1672,941","8","2"
"assets/weapons/pearl_01.png","52711a83ebd5479c2fd0962b00028f7d4be14071707831315349b7ef8e54c0c3","png",";lib/game/map/floating_weapon_component.dart","disabled optional art; WeaponVisual.none default","world (optional weapon)","normal; inspect state-specific rendering","assets/weapons/pearl_01.png","assets/weapons/pearl_01.png","orb silhouette and glow","painted checkerboard confirmed by contact sheet; keep disabled, not shipped as a visible weapon","P2","all pixels decoded; Flutter bundle decode passed; contact sheet inspection for assets; no live-world claim","128","128","binary","0.234375","0.0","0.765625","0.0","0","255","195.234375","8,8,112,112","8","6"
"assets/weapons/pearl_01_flow.png","27e33e3cce1c96febac8a2a4ce3a4c44a5f77c2debbd3412474a522c84a915ae","png","lib/game/map/floating_weapon_component.dart;lib/game/map/floating_weapon_component.dart","disabled optional art; WeaponVisual.none default","world (optional weapon)","normal; inspect state-specific rendering","assets/weapons/pearl_01_flow.png","assets/weapons/pearl_01_flow.png","orb silhouette and glow","painted checkerboard confirmed by contact sheet; keep disabled, not shipped as a visible weapon","P2","all pixels decoded; Flutter bundle decode passed; contact sheet inspection for assets; no live-world claim","768","128","binary","0.234375","0.0","0.765625","0.0","0","255","195.234375","8,8,752,112","8","6"
"ios/Runner/Assets.xcassets/AppIcon.appiconset/Icon-App-1024x1024@1x.png","7770183009e914112de7d8ef1d235a6a30c5834424858e0d2f8253f6b8d31926","png","ios/Runner/Assets.xcassets/AppIcon.appiconset/Contents.json","platform resource declaration / generated variant","platform launcher/splash","normal; inspect state-specific rendering","ios/Runner/Assets.xcassets/AppIcon.appiconset/Icon-App-1024x1024@1x.png","ios/Runner/Assets.xcassets/AppIcon.appiconset/Icon-App-1024x1024@1x.png","platform icon or splash alpha; native runtime not tested","no alpha defect identified by pixel scan; intended transparency preserved","P1","all pixels decoded ; not in tested Flutter bundle; contact sheet inspection for assets; no live-world claim","1024","1024","opaque","0.0","0.0","1.0","0.0","255","255","255.0","0,0,1024,1024","8","2"
"ios/Runner/Assets.xcassets/AppIcon.appiconset/Icon-App-20x20@1x.png","cab10a0d391ec5bc09ef50ce49e8ad401cee7ef03707ec0923a222c5c2b3d212","png","ios/Runner/Assets.xcassets/AppIcon.appiconset/Contents.json","platform resource declaration / generated variant","platform launcher/splash","normal; inspect state-specific rendering","ios/Runner/Assets.xcassets/AppIcon.appiconset/Icon-App-20x20@1x.png","ios/Runner/Assets.xcassets/AppIcon.appiconset/Icon-App-20x20@1x.png","platform icon or splash alpha; native runtime not tested","no alpha defect identified by pixel scan; intended transparency preserved","P1","all pixels decoded ; not in tested Flutter bundle; contact sheet inspection for assets; no live-world claim","20","20","opaque","0.0","0.0","1.0","0.0","255","255","255.0","0,0,20,20","8","3"
"ios/Runner/Assets.xcassets/AppIcon.appiconset/Icon-App-20x20@2x.png","b9ad02cf6576a04d1b6806ac02a2431481b448dd0c2e505ce25842d1f7c4730b","png","ios/Runner/Assets.xcassets/AppIcon.appiconset/Contents.json","platform resource declaration / generated variant","platform launcher/splash","normal; inspect state-specific rendering","ios/Runner/Assets.xcassets/AppIcon.appiconset/Icon-App-20x20@2x.png","ios/Runner/Assets.xcassets/AppIcon.appiconset/Icon-App-20x20@2x.png","platform icon or splash alpha; native runtime not tested","no alpha defect identified by pixel scan; intended transparency preserved","P1","all pixels decoded ; not in tested Flutter bundle; contact sheet inspection for assets; no live-world claim","40","40","opaque","0.0","0.0","1.0","0.0","255","255","255.0","0,0,40,40","8","3"
"ios/Runner/Assets.xcassets/AppIcon.appiconset/Icon-App-20x20@3x.png","c6e6d3b215ae744a9c391f4c4d44157eff5e739d6ad6c39f9bfa5df66dddd267","png","ios/Runner/Assets.xcassets/AppIcon.appiconset/Contents.json","platform resource declaration / generated variant","platform launcher/splash","normal; inspect state-specific rendering","ios/Runner/Assets.xcassets/AppIcon.appiconset/Icon-App-20x20@3x.png","ios/Runner/Assets.xcassets/AppIcon.appiconset/Icon-App-20x20@3x.png","platform icon or splash alpha; native runtime not tested","no alpha defect identified by pixel scan; intended transparency preserved","P1","all pixels decoded ; not in tested Flutter bundle; contact sheet inspection for assets; no live-world claim","60","60","opaque","0.0","0.0","1.0","0.0","255","255","255.0","0,0,60,60","8","3"
"ios/Runner/Assets.xcassets/AppIcon.appiconset/Icon-App-29x29@1x.png","5dee24dc104ac76dc162e42ae0beb163d426bf365562ee28ba7b3ad368559a60","png","ios/Runner/Assets.xcassets/AppIcon.appiconset/Contents.json","platform resource declaration / generated variant","platform launcher/splash","normal; inspect state-specific rendering","ios/Runner/Assets.xcassets/AppIcon.appiconset/Icon-App-29x29@1x.png","ios/Runner/Assets.xcassets/AppIcon.appiconset/Icon-App-29x29@1x.png","platform icon or splash alpha; native runtime not tested","no alpha defect identified by pixel scan; intended transparency preserved","P1","all pixels decoded ; not in tested Flutter bundle; contact sheet inspection for assets; no live-world claim","29","29","opaque","0.0","0.0","1.0","0.0","255","255","255.0","0,0,29,29","8","3"
"ios/Runner/Assets.xcassets/AppIcon.appiconset/Icon-App-29x29@2x.png","a9b21eb6f4271385655a8771f76e29eef8c1107d7879cbcfc567e6619d1f716a","png","ios/Runner/Assets.xcassets/AppIcon.appiconset/Contents.json","platform resource declaration / generated variant","platform launcher/splash","normal; inspect state-specific rendering","ios/Runner/Assets.xcassets/AppIcon.appiconset/Icon-App-29x29@2x.png","ios/Runner/Assets.xcassets/AppIcon.appiconset/Icon-App-29x29@2x.png","platform icon or splash alpha; native runtime not tested","no alpha defect identified by pixel scan; intended transparency preserved","P1","all pixels decoded ; not in tested Flutter bundle; contact sheet inspection for assets; no live-world claim","58","58","opaque","0.0","0.0","1.0","0.0","255","255","255.0","0,0,58,58","8","3"
"ios/Runner/Assets.xcassets/AppIcon.appiconset/Icon-App-29x29@3x.png","e677d701ffe4af7bc2935098d6b3984cc9ab7ace573e6900955a5535b12410cf","png","ios/Runner/Assets.xcassets/AppIcon.appiconset/Contents.json","platform resource declaration / generated variant","platform launcher/splash","normal; inspect state-specific rendering","ios/Runner/Assets.xcassets/AppIcon.appiconset/Icon-App-29x29@3x.png","ios/Runner/Assets.xcassets/AppIcon.appiconset/Icon-App-29x29@3x.png","platform icon or splash alpha; native runtime not tested","no alpha defect identified by pixel scan; intended transparency preserved","P1","all pixels decoded ; not in tested Flutter bundle; contact sheet inspection for assets; no live-world claim","87","87","opaque","0.0","0.0","1.0","0.0","255","255","255.0","0,0,87,87","8","3"
"ios/Runner/Assets.xcassets/AppIcon.appiconset/Icon-App-40x40@1x.png","b9ad02cf6576a04d1b6806ac02a2431481b448dd0c2e505ce25842d1f7c4730b","png","ios/Runner/Assets.xcassets/AppIcon.appiconset/Contents.json","platform resource declaration / generated variant","platform launcher/splash","normal; inspect state-specific rendering","ios/Runner/Assets.xcassets/AppIcon.appiconset/Icon-App-40x40@1x.png","ios/Runner/Assets.xcassets/AppIcon.appiconset/Icon-App-40x40@1x.png","platform icon or splash alpha; native runtime not tested","no alpha defect identified by pixel scan; intended transparency preserved","P1","all pixels decoded ; not in tested Flutter bundle; contact sheet inspection for assets; no live-world claim","40","40","opaque","0.0","0.0","1.0","0.0","255","255","255.0","0,0,40,40","8","3"
"ios/Runner/Assets.xcassets/AppIcon.appiconset/Icon-App-40x40@2x.png","7c61c42fc7b657d9cf314d32a4ec458f0647c3aaf360be1b9377857266ec2499","png","ios/Runner/Assets.xcassets/AppIcon.appiconset/Contents.json","platform resource declaration / generated variant","platform launcher/splash","normal; inspect state-specific rendering","ios/Runner/Assets.xcassets/AppIcon.appiconset/Icon-App-40x40@2x.png","ios/Runner/Assets.xcassets/AppIcon.appiconset/Icon-App-40x40@2x.png","platform icon or splash alpha; native runtime not tested","no alpha defect identified by pixel scan; intended transparency preserved","P1","all pixels decoded ; not in tested Flutter bundle; contact sheet inspection for assets; no live-world claim","80","80","opaque","0.0","0.0","1.0","0.0","255","255","255.0","0,0,80,80","8","3"
"ios/Runner/Assets.xcassets/AppIcon.appiconset/Icon-App-40x40@3x.png","19be171481dc71a0b2803ebcd01dd8b0c5fd5778dee34c0a3cabc948c225f24e","png","ios/Runner/Assets.xcassets/AppIcon.appiconset/Contents.json","platform resource declaration / generated variant","platform launcher/splash","normal; inspect state-specific rendering","ios/Runner/Assets.xcassets/AppIcon.appiconset/Icon-App-40x40@3x.png","ios/Runner/Assets.xcassets/AppIcon.appiconset/Icon-App-40x40@3x.png","platform icon or splash alpha; native runtime not tested","no alpha defect identified by pixel scan; intended transparency preserved","P1","all pixels decoded ; not in tested Flutter bundle; contact sheet inspection for assets; no live-world claim","120","120","opaque","0.0","0.0","1.0","0.0","255","255","255.0","0,0,120,120","8","3"
"ios/Runner/Assets.xcassets/AppIcon.appiconset/Icon-App-60x60@2x.png","19be171481dc71a0b2803ebcd01dd8b0c5fd5778dee34c0a3cabc948c225f24e","png","ios/Runner/Assets.xcassets/AppIcon.appiconset/Contents.json","platform resource declaration / generated variant","platform launcher/splash","normal; inspect state-specific rendering","ios/Runner/Assets.xcassets/AppIcon.appiconset/Icon-App-60x60@2x.png","ios/Runner/Assets.xcassets/AppIcon.appiconset/Icon-App-60x60@2x.png","platform icon or splash alpha; native runtime not tested","no alpha defect identified by pixel scan; intended transparency preserved","P1","all pixels decoded ; not in tested Flutter bundle; contact sheet inspection for assets; no live-world claim","120","120","opaque","0.0","0.0","1.0","0.0","255","255","255.0","0,0,120,120","8","3"
"ios/Runner/Assets.xcassets/AppIcon.appiconset/Icon-App-60x60@3x.png","4209a49e44a92ec40a327d3455eb1b1c153ee83d75de1c2be0a12ab18b2ff9de","png","ios/Runner/Assets.xcassets/AppIcon.appiconset/Contents.json","platform resource declaration / generated variant","platform launcher/splash","normal; inspect state-specific rendering","ios/Runner/Assets.xcassets/AppIcon.appiconset/Icon-App-60x60@3x.png","ios/Runner/Assets.xcassets/AppIcon.appiconset/Icon-App-60x60@3x.png","platform icon or splash alpha; native runtime not tested","no alpha defect identified by pixel scan; intended transparency preserved","P1","all pixels decoded ; not in tested Flutter bundle; contact sheet inspection for assets; no live-world claim","180","180","opaque","0.0","0.0","1.0","0.0","255","255","255.0","0,0,180,180","8","3"
"ios/Runner/Assets.xcassets/AppIcon.appiconset/Icon-App-76x76@1x.png","836c918cb613249eba0483a6b02fa3df3c1c0a89a315ee4d3b88509b83c7ab73","png","ios/Runner/Assets.xcassets/AppIcon.appiconset/Contents.json","platform resource declaration / generated variant","platform launcher/splash","normal; inspect state-specific rendering","ios/Runner/Assets.xcassets/AppIcon.appiconset/Icon-App-76x76@1x.png","ios/Runner/Assets.xcassets/AppIcon.appiconset/Icon-App-76x76@1x.png","platform icon or splash alpha; native runtime not tested","no alpha defect identified by pixel scan; intended transparency preserved","P1","all pixels decoded ; not in tested Flutter bundle; contact sheet inspection for assets; no live-world claim","76","76","opaque","0.0","0.0","1.0","0.0","255","255","255.0","0,0,76,76","8","3"
"ios/Runner/Assets.xcassets/AppIcon.appiconset/Icon-App-76x76@2x.png","41c7d42f6e61f8fe7f30b1ffa2256aecbc9682be06d18c4a3062043e1a2e547c","png","ios/Runner/Assets.xcassets/AppIcon.appiconset/Contents.json","platform resource declaration / generated variant","platform launcher/splash","normal; inspect state-specific rendering","ios/Runner/Assets.xcassets/AppIcon.appiconset/Icon-App-76x76@2x.png","ios/Runner/Assets.xcassets/AppIcon.appiconset/Icon-App-76x76@2x.png","platform icon or splash alpha; native runtime not tested","no alpha defect identified by pixel scan; intended transparency preserved","P1","all pixels decoded ; not in tested Flutter bundle; contact sheet inspection for assets; no live-world claim","152","152","opaque","0.0","0.0","1.0","0.0","255","255","255.0","0,0,152,152","8","3"
"ios/Runner/Assets.xcassets/AppIcon.appiconset/Icon-App-83.5x83.5@2x.png","5d7e5bdf01b93802bc973345b3a78c038907147625035952a08a115a563b7f81","png","ios/Runner/Assets.xcassets/AppIcon.appiconset/Contents.json","platform resource declaration / generated variant","platform launcher/splash","normal; inspect state-specific rendering","ios/Runner/Assets.xcassets/AppIcon.appiconset/Icon-App-83.5x83.5@2x.png","ios/Runner/Assets.xcassets/AppIcon.appiconset/Icon-App-83.5x83.5@2x.png","platform icon or splash alpha; native runtime not tested","no alpha defect identified by pixel scan; intended transparency preserved","P1","all pixels decoded ; not in tested Flutter bundle; contact sheet inspection for assets; no live-world claim","167","167","opaque","0.0","0.0","1.0","0.0","255","255","255.0","0,0,167,167","8","3"
"ios/Runner/Assets.xcassets/LaunchBackground.imageset/background.png","4de450ed61a1312646d787411a47a6126dff9486a2702b38c702fa123ae5cd91","png","web/index.html;ios/Runner/Assets.xcassets/LaunchBackground.imageset/Contents.json","platform resource declaration / generated variant","platform launcher/splash","normal; inspect state-specific rendering","ios/Runner/Assets.xcassets/LaunchBackground.imageset/background.png","ios/Runner/Assets.xcassets/LaunchBackground.imageset/background.png","platform icon or splash alpha; native runtime not tested","no alpha defect identified by pixel scan; intended transparency preserved","P1","all pixels decoded ; not in tested Flutter bundle; contact sheet inspection for assets; no live-world claim","1","1","opaque","0.0","0.0","1.0","0.0","255","255","255.0","0,0,1,1","8","2"
"ios/Runner/Assets.xcassets/LaunchImage.imageset/LaunchImage.png","4de450ed61a1312646d787411a47a6126dff9486a2702b38c702fa123ae5cd91","png","ios/Runner/Assets.xcassets/LaunchImage.imageset/Contents.json","platform resource declaration / generated variant","platform launcher/splash","normal; inspect state-specific rendering","ios/Runner/Assets.xcassets/LaunchImage.imageset/LaunchImage.png","ios/Runner/Assets.xcassets/LaunchImage.imageset/LaunchImage.png","platform icon or splash alpha; native runtime not tested","no alpha defect identified by pixel scan; intended transparency preserved","P1","all pixels decoded ; not in tested Flutter bundle; contact sheet inspection for assets; no live-world claim","1","1","opaque","0.0","0.0","1.0","0.0","255","255","255.0","0,0,1,1","8","2"
"ios/Runner/Assets.xcassets/LaunchImage.imageset/LaunchImage@2x.png","4de450ed61a1312646d787411a47a6126dff9486a2702b38c702fa123ae5cd91","png","ios/Runner/Assets.xcassets/LaunchImage.imageset/Contents.json","platform resource declaration / generated variant","platform launcher/splash","normal; inspect state-specific rendering","ios/Runner/Assets.xcassets/LaunchImage.imageset/LaunchImage@2x.png","ios/Runner/Assets.xcassets/LaunchImage.imageset/LaunchImage@2x.png","platform icon or splash alpha; native runtime not tested","no alpha defect identified by pixel scan; intended transparency preserved","P1","all pixels decoded ; not in tested Flutter bundle; contact sheet inspection for assets; no live-world claim","1","1","opaque","0.0","0.0","1.0","0.0","255","255","255.0","0,0,1,1","8","2"
"ios/Runner/Assets.xcassets/LaunchImage.imageset/LaunchImage@3x.png","4de450ed61a1312646d787411a47a6126dff9486a2702b38c702fa123ae5cd91","png","ios/Runner/Assets.xcassets/LaunchImage.imageset/Contents.json","platform resource declaration / generated variant","platform launcher/splash","normal; inspect state-specific rendering","ios/Runner/Assets.xcassets/LaunchImage.imageset/LaunchImage@3x.png","ios/Runner/Assets.xcassets/LaunchImage.imageset/LaunchImage@3x.png","platform icon or splash alpha; native runtime not tested","no alpha defect identified by pixel scan; intended transparency preserved","P1","all pixels decoded ; not in tested Flutter bundle; contact sheet inspection for assets; no live-world claim","1","1","opaque","0.0","0.0","1.0","0.0","255","255","255.0","0,0,1,1","8","2"
"macos/Runner/Assets.xcassets/AppIcon.appiconset/app_icon_1024.png","6232e5815af17e25e0268b2fec7aea9e068cc92ec709e9605c2b31df4ff2a313","png","","platform resource declaration / generated variant","platform launcher/splash","normal; inspect state-specific rendering","macos/Runner/Assets.xcassets/AppIcon.appiconset/app_icon_1024.png","macos/Runner/Assets.xcassets/AppIcon.appiconset/app_icon_1024.png","platform icon or splash alpha; native runtime not tested","no alpha defect identified by pixel scan; intended transparency preserved","P1","all pixels decoded ; not in tested Flutter bundle; contact sheet inspection for assets; no live-world claim","1024","1024","graded","0.3513956069946289","0.03320598602294922","0.6153984069824219","0.0511960547616492","0","255","157.9795684814453","90,100,844,844","8","6"
"macos/Runner/Assets.xcassets/AppIcon.appiconset/app_icon_128.png","15591f03f31313af6fd644ed0512106cc04365130b8b73244f1cfa6dddfb4400","png","","platform resource declaration / generated variant","platform launcher/splash","normal; inspect state-specific rendering","macos/Runner/Assets.xcassets/AppIcon.appiconset/app_icon_128.png","macos/Runner/Assets.xcassets/AppIcon.appiconset/app_icon_128.png","platform icon or splash alpha; native runtime not tested","no alpha defect identified by pixel scan; intended transparency preserved","P1","all pixels decoded ; not in tested Flutter bundle; contact sheet inspection for assets; no live-world claim","128","128","graded","0.32171630859375","0.0721435546875","0.60614013671875","0.10636191847385944","0","255","158.16436767578125","10,11,108,108","8","6"
"macos/Runner/Assets.xcassets/AppIcon.appiconset/app_icon_16.png","cc6928b5adfc00dbf526192e2705dd9af641cdf20ab4c6c7ca7cd4936dca59f0","png","","platform resource declaration / generated variant","platform launcher/splash","normal; inspect state-specific rendering","macos/Runner/Assets.xcassets/AppIcon.appiconset/app_icon_16.png","macos/Runner/Assets.xcassets/AppIcon.appiconset/app_icon_16.png","platform icon or splash alpha; native runtime not tested","no alpha defect identified by pixel scan; intended transparency preserved","P1","all pixels decoded ; not in tested Flutter bundle; contact sheet inspection for assets; no live-world claim","16","16","graded","0.28125","0.171875","0.546875","0.2391304347826087","0","255","157.09375","1,1,14,14","8","6"
"macos/Runner/Assets.xcassets/AppIcon.appiconset/app_icon_256.png","416efd77cde932d42ef34168da24dd428a495b1f4f34bbbd125a18d2add186a2","png","","platform resource declaration / generated variant","platform launcher/splash","normal; inspect state-specific rendering","macos/Runner/Assets.xcassets/AppIcon.appiconset/app_icon_256.png","macos/Runner/Assets.xcassets/AppIcon.appiconset/app_icon_256.png","platform icon or splash alpha; native runtime not tested","no alpha defect identified by pixel scan; intended transparency preserved","P1","all pixels decoded ; not in tested Flutter bundle; contact sheet inspection for assets; no live-world claim","256","256","graded","0.322784423828125","0.073455810546875","0.603759765625","0.10846739669235275","0","255","156.17868041992188","20,23,216,215","8","6"
"macos/Runner/Assets.xcassets/AppIcon.appiconset/app_icon_32.png","ae8c4458e41f1e28b1e851ed87d3268d4a0351ceea427fa2a84cc94ddfb6d4c5","png","","platform resource declaration / generated variant","platform launcher/splash","normal; inspect state-specific rendering","macos/Runner/Assets.xcassets/AppIcon.appiconset/app_icon_32.png","macos/Runner/Assets.xcassets/AppIcon.appiconset/app_icon_32.png","platform icon or splash alpha; native runtime not tested","no alpha defect identified by pixel scan; intended transparency preserved","P1","all pixels decoded ; not in tested Flutter bundle; contact sheet inspection for assets; no live-world claim","32","32","graded","0.353515625","0.095703125","0.55078125","0.14803625377643503","0","255","157.130859375","3,3,26,26","8","6"
"macos/Runner/Assets.xcassets/AppIcon.appiconset/app_icon_512.png","0a91c6c1bf242e54ee179e34629e9ef3e8a6d286c0fce01e302280a8be9277e6","png","","platform resource declaration / generated variant","platform launcher/splash","normal; inspect state-specific rendering","macos/Runner/Assets.xcassets/AppIcon.appiconset/app_icon_512.png","macos/Runner/Assets.xcassets/AppIcon.appiconset/app_icon_512.png","platform icon or splash alpha; native runtime not tested","no alpha defect identified by pixel scan; intended transparency preserved","P1","all pixels decoded ; not in tested Flutter bundle; contact sheet inspection for assets; no live-world claim","512","512","graded","0.3507728576660156","0.0366363525390625","0.6125907897949219","0.05643071607781845","0","255","157.53119659423828","45,50,422,422","8","6"
"macos/Runner/Assets.xcassets/AppIcon.appiconset/app_icon_64.png","6ad229623498e5f1277800db3ab7cb11faf85eb2569e1213f7d8e55003c07b42","png","","platform resource declaration / generated variant","platform launcher/splash","normal; inspect state-specific rendering","macos/Runner/Assets.xcassets/AppIcon.appiconset/app_icon_64.png","macos/Runner/Assets.xcassets/AppIcon.appiconset/app_icon_64.png","platform icon or splash alpha; native runtime not tested","no alpha defect identified by pixel scan; intended transparency preserved","P1","all pixels decoded ; not in tested Flutter bundle; contact sheet inspection for assets; no live-world claim","64","64","graded","0.3642578125","0.0478515625","0.587890625","0.07526881720430108","0","255","157.12890625","6,6,52,52","8","6"
"stone_floor_preview.png","301ff4503df45fbf1d83600520f053367d2a420b1c6d4b6b58d9b187875e43ea","png","","backup/preview; not active","platform launch/icon","normal; inspect state-specific rendering","stone_floor_preview.png","stone_floor_preview.png","review by role","no alpha defect identified by pixel scan; intended transparency preserved","P1","all pixels decoded ; not in tested Flutter bundle; contact sheet inspection for assets; no live-world claim","1600","1200","opaque","0.0","0.0","1.0","0.0","255","255","255.0","0,0,1600,1200","8","6"
"web/favicon.png","7ab2525f4b86b65d3e4c70358a17e5a1aaf6f437f99cbcc046dad73d59bb9015","png","web/index.html","platform resource declaration / generated variant","platform launcher/splash","normal; inspect state-specific rendering","web/favicon.png","web/favicon.png","platform icon or splash alpha; native runtime not tested","no alpha defect identified by pixel scan; intended transparency preserved","P1","all pixels decoded ; not in tested Flutter bundle; contact sheet inspection for assets; no live-world claim","16","16","opaque","0.0","0.0","1.0","0.0","255","255","255.0","0,0,16,16","8","6"
"web/icons/Icon-192.png","3dce99077602f70421c1c6b2a240bc9b83d64d86681d45f2154143310c980be3","png","web/index.html;web/manifest.json","platform resource declaration / generated variant","platform launcher/splash","normal; inspect state-specific rendering","web/icons/Icon-192.png","web/icons/Icon-192.png","platform icon or splash alpha; native runtime not tested","no alpha defect identified by pixel scan; intended transparency preserved","P1","all pixels decoded ; not in tested Flutter bundle; contact sheet inspection for assets; no live-world claim","192","192","opaque","0.0","0.0","1.0","0.0","255","255","255.0","0,0,192,192","8","2"
"web/icons/Icon-512.png","baccb205ae45f0b421be1657259b4943ac40c95094ab877f3bcbe12cd544dcbe","png","web/manifest.json","platform resource declaration / generated variant","platform launcher/splash","normal; inspect state-specific rendering","web/icons/Icon-512.png","web/icons/Icon-512.png","platform icon or splash alpha; native runtime not tested","no alpha defect identified by pixel scan; intended transparency preserved","P1","all pixels decoded ; not in tested Flutter bundle; contact sheet inspection for assets; no live-world claim","512","512","opaque","0.0","0.0","1.0","0.0","255","255","255.0","0,0,512,512","8","2"
"web/icons/Icon-maskable-192.png","d2c842e22a9f4ec9d996b23373a905c88d9a203b220c5c151885ad621f974b5c","png","web/manifest.json","platform resource declaration / generated variant","platform launcher/splash","normal; inspect state-specific rendering","web/icons/Icon-maskable-192.png","web/icons/Icon-maskable-192.png","platform icon or splash alpha; native runtime not tested","no alpha defect identified by pixel scan; intended transparency preserved","P1","all pixels decoded ; not in tested Flutter bundle; contact sheet inspection for assets; no live-world claim","192","192","opaque","0.0","0.0","1.0","0.0","255","255","255.0","0,0,192,192","8","6"
"web/icons/Icon-maskable-512.png","6aee06cdcab6b2aef74b1734c4778f4421d2da100b0ff9e52b21b55240202929","png","web/manifest.json","platform resource declaration / generated variant","platform launcher/splash","normal; inspect state-specific rendering","web/icons/Icon-maskable-512.png","web/icons/Icon-maskable-512.png","platform icon or splash alpha; native runtime not tested","no alpha defect identified by pixel scan; intended transparency preserved","P1","all pixels decoded ; not in tested Flutter bundle; contact sheet inspection for assets; no live-world claim","512","512","opaque","0.0","0.0","1.0","0.0","255","255","255.0","0,0,512,512","8","6"
"web/splash/img/light-background.png","e5f8a0814bc6be2e015a02be3484485ec4ac973023085871c51ae0dd6ec4c07f","png","web/index.html","platform resource declaration / generated variant","platform launcher/splash","normal; inspect state-specific rendering","web/splash/img/light-background.png","web/splash/img/light-background.png","platform icon or splash alpha; native runtime not tested","no alpha defect identified by pixel scan; intended transparency preserved","P1","all pixels decoded ; not in tested Flutter bundle; contact sheet inspection for assets; no live-world claim","1408","768","opaque","0.0","0.0","1.0","0.0","255","255","255.0","0,0,1408,768","8","6"
"windows/runner/resources/app_icon.ico","c098d3fc85cacff98b8e69811b48e9f0d852fcee278132d794411d978869cbf8","ico","windows/runner/Runner.rc","platform resource declaration / generated variant","platform launcher/splash","normal; inspect state-specific rendering","windows/runner/resources/app_icon.ico","windows/runner/resources/app_icon.ico","platform icon or splash alpha; native runtime not tested","no alpha defect identified by pixel scan; intended transparency preserved","P1","all pixels decoded ; not in tested Flutter bundle; contact sheet inspection for assets; no live-world claim","256","256","graded","0.646209716796875","0.023345947265625","0.3304443359375","0.06598809626498749","0","255","87.264404296875","24,0,208,256","",""